-1.440752962117021641e+00,-4.353194699355787400e-01,-1.362084967747501096e+00,-1.139117896666203889e+00,7.805733144944511093e-01,7.189212819653798547e-01,2.823134514135950734e+00,-1.191495645181492452e-01,1.092662193389115854e+00,2.458172609472400794e+00,-2.638003920886337617e-01,-1.605245548331522831e-02,-4.704135720595112313e-01,-4.747608837338361254e-01,8.383649314058184698e-01,3.251026914353816188e+00,8.438936670491491654e+00,3.391987327464571766e+00,2.621165740732409599e+00,2.061207867940195282e+00,-1.232861311297574369e+00,-4.763094919264624361e-01,-1.247920091684949551e+00,-9.739675822549872519e-01,7.228944471170092312e-01,1.186732317243484491e+00,4.672827959017130439e+00,9.320124023116306278e-01,2.097242167980210681e+00,1.886450144695108078e+00
1.974096189611520780e+00,1.733025769037880748e+00,2.091671670399497973e+00,1.851972923931713311e+00,1.319843000455153792e+00,3.426274926877061588e+00,2.013111994226651547e+00,2.665031987355097609e+00,2.127003604240957024e+00,1.558395686433777128e+00,8.053191874207452639e-01,-8.126867804118468319e-01,7.519565893793505040e-01,8.771695068693520225e-01,-8.960531473413055892e-01,1.181222472559450454e+00,1.836276120781688281e-01,6.005959763438747379e-01,-3.177168636713513239e-01,5.296364897298649899e-01,2.173313848073983312e+00,1.311279498006002964e+00,2.081616905779757776e+00,2.137405495148129830e+00,7.619279334187992747e-01,3.265600838428495578e+00,1.928620525705752042e+00,2.698946898795493432e+00,1.891160526933904018e+00,2.497838480727240018e+00
-1.399982024562183014e+00,-1.249622281541412194e+00,-1.345209264951168215e+00,-1.109785181405271937e+00,-1.332644828223558120e+00,-3.073546345941647329e-01,-3.655575580171098737e-01,-6.965022812268668595e-01,1.930333054290255035e+00,9.543787705050703618e-01,2.752055153429216680e-02,1.963059959266064691e+00,-1.209578082317938619e-01,-3.507791815073327824e-01,5.727657883046253229e-01,7.394991955349703439e-01,3.206555276395790521e-01,5.894622216670399872e-01,2.615040516463122522e+00,7.189277928060477940e-01,-1.295283580559118075e+00,-1.040811278220924896e+00,-1.245220467092410521e+00,-9.997149307388535355e-01,-1.438693283195422223e+00,-5.485642706484463726e-01,-6.449105916313820908e-01,-9.702389337555141768e-01,5.976019185201647543e-01,5.789420390175848558e-02
-9.817967831142881963e-01,1.416222081525524423e+00,-9.825874560836307392e-01,-8.669441444854409928e-01,5.938998780300407815e-02,-5.967877198183382248e-01,-8.202031683363416592e-01,-8.451147117236438300e-01,3.132640880289253027e-01,7.404147234691087209e-02,-5.385047284903492493e-01,5.364728591852793160e-01,-6.579499985673318285e-01,-4.965901407070495432e-01,6.547469993995505555e-02,-8.224041822994576645e-01,-6.855653704943216464e-01,-8.984845640727959770e-01,1.232992837172912637e-01,-4.315466735184570468e-01,-8.291973034062597447e-01,1.593530391153234582e+00,-8.735721481862147586e-01,-7.429468527079665652e-01,7.966243656870564127e-01,-7.293916039605939927e-01,-7.749496895165205457e-01,-8.094831413173900758e-01,7.989278293884792825e-01,-1.344968045927567024e-01
-1.117699908297084210e+00,-1.010259495420965159e+00,-1.125001923584389329e+00,-9.659420584910863861e-01,1.269511163098822060e+00,-4.390018520000182334e-01,-9.833414518950575056e-01,-9.305997381155951542e-01,3.394436037256593597e+00,9.502131366021134840e-01,4.022780760977651138e-01,4.403815001124802841e-01,2.193144707927053016e-01,-1.155318490775571333e-01,1.719108546969065066e-01,-7.879702118614957396e-01,-7.835091874126478562e-01,-5.886480767803105030e-01,2.604015112778406582e+00,7.659812286750800059e-01,-1.085128607378588184e+00,-1.334616301496990731e+00,-1.117138278090840320e+00,-8.965491851014435465e-01,-1.748757378241490024e-01,-9.950786215485137864e-01,-1.209146412675648374e+00,-1.354581667249141974e+00,1.033543851502736421e+00,-2.057319593414551062e-01
1.195847938879526229e-01,1.960655085250462282e+00,1.995349446741074562e-01,1.247322266442273640e-02,1.305462475496202313e+00,1.066164667006906264e+00,9.448396818112771989e-01,6.670496474373664997e-01,1.791935259880501619e+00,1.112672858817421062e+00,-1.131902925942570581e-01,-3.135660864587122010e-01,1.002768554042101842e-02,-1.594022975577044920e-01,-4.526237518308059427e-01,9.019844935391031493e-01,4.542577453119540642e-01,-1.580898780632890854e-01,-2.454392172937681915e-01,5.910573869329528440e-01,2.548694394358793636e-01,1.913744854723778754e+00,5.098354763459677086e-01,1.167676942704496124e-01,1.572957037689314053e+00,2.615268250409450435e+00,2.046229415704810872e+00,8.737786548125962005e-01,2.081389734053571861e+00,2.817555317000924653e+00
8.277769748427903085e-02,1.278870856419435931e-01,1.707227691681736104e-01,-9.526313781276102635e-03,-5.877336353498404664e-01,1.220707052657255876e+00,5.958875231567268838e-01,4.666201394045451090e-01,-3.532305534706772776e-01,1.272355491764090241e+00,1.693777356503770815e+00,1.048344137323073966e+00,7.258561588859943070e-01,7.849779847009266120e-01,2.531298281729802979e-01,4.345381537335292421e+00,2.079595680118771384e+00,2.515601780759441297e+00,2.474160358269528626e+00,6.838747948047044112e+00,-9.677601073748266780e-02,-5.621401728835151435e-01,-1.620710889081711237e-01,-1.934349494495575250e-01,-1.374938588902499426e+00,-3.578961832757058398e-02,-2.514467035450990151e-01,-1.851560694461624745e-01,-1.003493908070369978e+00,2.312143835659132007e-01
-7.609542046922451730e-01,-8.905781023607417524e-01,-7.747281899336804223e-01,-7.180242054684017328e-01,4.644751533994723180e-02,-6.626113285212648085e-01,-6.786066967378888704e-01,-5.136958401733092705e-01,-2.803896090444911726e-01,-5.702432379770416837e-01,-7.994208163468048411e-01,-3.860041879135913123e-01,-8.290528206904466124e-01,-5.807281505940954380e-01,-6.078567898455597973e-01,-5.609212192861844359e-01,-5.756316109643722090e-01,-5.235951387399478962e-01,-6.815551852669814448e-01,-8.018679894037409328e-01,-8.146321072452329393e-01,-5.802966630859686115e-01,-8.150802820145374161e-01,-7.318366954854762518e-01,-5.435253306743834667e-01,-5.679386277890335899e-01,-6.439544217939913162e-01,-4.508858540864934539e-01,-3.630555774341561182e-01,-9.096699058738639820e-01
-5.287863658383021859e-01,-2.921711370596246082e-01,-5.602832836680882167e-01,-5.473867753447110296e-01,-6.617933388884429391e-01,-7.026778729491333086e-01,-6.304840524757810982e-01,-6.567846228109139872e-01,5.791335351845043888e-01,-6.620153571929396352e-02,-6.435075443350204427e-01,-4.072551615546912140e-01,-6.642334355379547750e-01,-4.993452896454163015e-01,-4.817708834411710273e-01,-5.388619569743651194e-01,-4.012324457043955350e-01,-6.314335054670038305e-01,-3.164918188174940528e-01,-4.800368555208947008e-01,-5.503778340380320877e-01,-5.210785719641280317e-02,-6.150081038785955023e-01,-5.516052560984113784e-01,-4.264248717690146129e-01,-4.775249611329598909e-01,-3.838762260237143509e-01,-4.914962306318727547e-01,3.296957851599667255e-01,-1.429104055473272017e-01
1.634338376654531411e+00,2.522618666653132502e-01,1.589516611581796024e+00,1.578388945055713366e+00,5.720557025896457759e-01,5.224044212001203169e-01,6.576155223411059847e-01,1.210734415290177335e+00,-3.273039799545865436e-02,-1.217433210920491476e-01,3.743480341727514760e-01,-6.079382691567289942e-01,3.846171972506297054e-01,4.159999614935037116e-01,-6.222666077203472534e-01,-1.401811429973375822e-01,-7.174259419536832549e-02,-1.812267641165288962e-02,-1.225475100379640914e+00,-1.542546697711832948e-01,1.559494867002138685e+00,-5.045726717800768507e-02,1.601683644883943991e+00,1.356167455534923016e+00,4.409859349374182225e-01,5.047549458948137335e-01,6.879901616912872386e-01,7.220644179072169822e-01,-5.643814883024707019e-01,4.202399516785998990e-01
-4.976418996505783121e-01,6.136527398275563039e-01,-4.981313050767166017e-01,-5.310281456799604838e-01,-5.769482416306255246e-01,-1.749442449134946953e-01,-3.621562192865420693e-01,-2.848590002933165111e-01,4.334516463321321789e-01,1.781823199208257547e-01,-3.684496630988111088e-01,5.531040559478790364e-01,-3.167110369319676155e-01,-4.052463566735060585e-01,4.025751865907737509e-02,-3.795529325963806211e-02,-1.804306454020323247e-01,1.647890075649170172e-01,-1.217096870541767017e-01,2.307932939815076911e-01,-5.004400186287972785e-01,8.194036725213545980e-01,-4.692283758814921324e-01,-5.330883273942608191e-01,-4.910117085171678691e-02,-4.160192546974683658e-02,-1.491365309442915510e-01,9.681786581232029731e-02,1.061764667943573687e-01,4.903532929666885587e-01
1.976927504719496076e+00,3.132759101862109818e-01,1.902334517074790732e+00,2.057866021436332016e+00,7.880369649758885153e-02,2.648337784495372049e-01,8.604360910897796977e-01,1.768096787365700084e+00,-9.359581088801650628e-01,-8.535063433780899489e-01,9.272921553211207479e-01,2.925486400004816412e-01,8.138242764747140034e-01,8.862826918193345005e-01,-4.984731723414929094e-01,-2.628521626825767177e-01,-3.032279244612373637e-02,4.399518017209741449e-01,-1.259776356287646282e+00,-5.802498983259327670e-01,1.965239617202171329e+00,1.078546305410918116e+00,1.832651526690053823e+00,2.019249854845455161e+00,2.284702872943426000e-01,3.704260697200752461e-01,7.903003342920948970e-01,1.744219933219217200e+00,-1.009834881641025639e+00,-5.394714638727565736e-01
2.130181924511247715e-01,-5.902012727193964858e-01,2.781510235545836540e-01,7.931796801866203284e-02,1.470838512524151209e+00,1.169192924107139042e+00,1.009087191166447406e+00,1.077114743268296371e+00,1.260196365569343557e+00,6.836125668128928412e-01,8.691608372925760384e-02,-4.689753806514505019e-01,6.319522913799897890e-02,2.349720504310313582e-02,-1.334455661331503248e-03,-2.931380931172779649e-04,-8.451110450904510130e-02,1.297972071520080428e-01,-5.578256550273901215e-01,2.282429117105237368e-02,5.357696511128247074e-01,3.027689967606329025e-01,5.998229627639327655e-01,3.844695778218825133e-01,2.440367844395746832e+00,1.261000686282402361e+00,9.361162344941801328e-01,1.356505772238802976e+00,1.077930666497325163e+00,1.269452741359928805e+00
-1.260115058228222340e+00,-1.631029680731098386e-01,-1.250952290796042199e+00,-1.030248395793898597e+00,-4.518376744877430351e-01,-7.830017548735744848e-01,-7.485231039773384554e-01,-8.716808276177578918e-01,1.555202190495396763e+00,1.906792216296964715e-01,-8.632088517272507033e-02,2.722216217350820755e-01,-1.398081191436625070e-01,-3.675220096712537021e-01,1.676534085066284652e-01,-3.091228104585879710e-01,-1.770049475129970018e-01,-3.198474281538731812e-01,-1.192595973464621179e-01,3.324070063824268589e-02,-1.060159699673970612e+00,1.391574353978203456e-02,-1.086542532708732356e+00,-8.672748025786913839e-01,-3.526949531989680975e-01,-6.363946896857751723e-01,-7.022807818748253439e-01,-7.445065388447830168e-01,4.263956321124642845e-01,7.696503273211818819e-02
-2.031851284211871056e-01,-5.244938412353528090e-01,-2.635178759569704043e-01,-2.876230180820348870e-01,-1.177335158666875881e+00,-8.902274594852985778e-01,-8.451463190271724102e-01,-8.824650924856656253e-01,-5.863215756344721807e-01,-7.979645580053357223e-01,-8.612911623832272268e-01,-1.090797348497543950e+00,-8.807703403717269675e-01,-5.690717512394669608e-01,-8.498762309698280060e-01,-7.067275628594293924e-01,-5.703373505904084650e-01,-1.019524382773812965e+00,-9.388146045770231485e-01,-6.273033341949649788e-01,-3.131732108441666607e-01,-6.331155436749241749e-01,-4.002379696277185706e-01,-3.764880160677309684e-01,-4.437730879031431819e-01,-5.498558944578189056e-01,-6.606873939483289826e-01,-6.790701962603417075e-01,-2.600147569110027868e-01,-4.514091072149172268e-01
1.458796839960086578e+00,1.709558829222150411e+00,1.482499959702613834e+00,1.431725368751053606e+00,-1.246807316715831254e-01,1.302748072200033969e+00,9.675152733483959322e-01,7.272837121873876320e-01,1.530140102913154776e-01,-2.037956278677187719e-02,5.436960098953017573e-01,-1.102254395156224032e+00,3.237161927661313388e-01,5.955085115547830155e-01,-6.465013014188529805e-01,4.059201069172145848e-01,6.684245677014888365e-02,-3.580203013315919058e-01,-6.301033014049732817e-01,2.713452957126916837e-02,1.646886043968299296e+00,8.854272732575488858e-01,1.628679890809333619e+00,1.650674797781888081e+00,8.399949060223781405e-01,2.623663805170372232e+00,1.599220016724647309e+00,9.856487486923203312e-01,1.215846841659084632e+00,1.594778644936659884e+00
1.096388506139297281e+00,-2.066271787128818538e+00,1.272582681016524830e+00,9.776323728847031713e-01,1.629024287072624588e+00,3.319430808402745736e+00,2.660626108119932720e+00,2.599274274745904112e+00,2.214412737552380772e+00,2.215177298466599609e+00,2.450009757486099282e+00,-5.495442894124896727e-01,2.769906539560152758e+00,2.401826542454763125e+00,-1.932470300846347855e-01,1.259236936832957898e+00,6.510796603910704583e-01,6.324067039919737399e-01,1.158462185226744712e+00,8.521859966794137486e-01,1.902817347940627624e+00,-1.354423381717849262e+00,2.324583119108262874e+00,2.013959303787126398e+00,1.330082011811513087e+00,2.666287390879663821e+00,2.090691313143479224e+00,2.317362605972872913e+00,2.688537953443844053e+00,1.964977086937768069e+00
3.121142212302471242e-01,2.683436831574949277e+00,4.740738169949332281e-01,1.763415646509753631e-01,6.511485898638825764e-01,2.004866565031252268e+00,2.092476564606567724e+00,1.210208353589303565e+00,1.154576996151373214e+00,1.216813706391336014e+00,-5.013825208684958845e-01,4.274562782084785802e-03,-2.398597693681956133e-01,-3.692174859410178867e-01,-7.742246871271949438e-01,1.226955089547368427e+00,1.269573842902344873e+00,6.658079680224781027e-01,9.757334178628730703e-02,8.338674834784929324e-01,2.673538932881878161e-01,2.847978805140930270e+00,6.478162888535139441e-01,6.703651432215960992e-02,4.409859349374182225e-01,3.480656202689014656e+00,4.280798325686932415e+00,1.860687428217286055e+00,1.876893336399928724e+00,3.198971893608126393e+00
4.030797086465523482e-02,-2.381971754834452948e-01,-2.725803680831399844e-02,-6.001242947076469020e-02,-2.155929882123565289e+00,-9.810449601884668747e-01,-8.081095195165450829e-01,-9.085051466789061392e-01,-6.409522839541117456e-01,-9.576471909520049008e-01,-6.081530608856361431e-01,-9.862055999683050356e-01,-5.786820244763973831e-01,-4.135118034886062777e-01,-1.251058660438337800e+00,-6.383976527715987670e-01,-6.861882246559644072e-01,-1.057856309589772392e+00,-1.169123037102203222e+00,-6.693281585970777270e-01,-3.142606845167551007e-03,-4.550549712279290671e-02,-3.908819080361903425e-02,-1.010266576307491393e-01,-1.608272095906529753e+00,-2.327622492568742485e-01,-5.645923252905611367e-01,-5.958572360183003180e-01,-4.264653131407120101e-01,-3.986838745662747985e-01
-6.845086967769226094e-01,-1.760794121558311581e-02,-7.224546715157722510e-01,-6.647176363884389483e-01,-5.467491392168268849e-01,-9.747487889212305134e-01,-9.204796731338226179e-01,-9.679501188776168386e-01,4.553039296599875607e-01,-2.050559991511804736e-01,-8.552809001968320057e-01,4.200544818470802744e-01,-8.454864250751524812e-01,-6.101870507812475752e-01,-3.029581434494925674e-01,-8.891200000230088385e-01,-6.977110266463558697e-01,-6.769228460037856054e-01,3.572828508040435946e-01,-7.756473724690895466e-01,-7.542905802924076974e-01,1.674206152514341739e-01,-7.853844114966090917e-01,-6.946264863752309449e-01,-4.004025475678215096e-01,-9.302391063180149855e-01,-9.343910099014236526e-01,-8.700155893755968650e-01,9.225768140162636799e-01,-8.014149069250551261e-01
3.262707967701213851e-01,-1.472558209790847616e+00,2.588057057148853146e-01,2.005974638090537721e-01,-1.001173727919712375e+00,-7.883439607972901886e-01,-3.776512068369065611e-01,-4.395211403501391723e-01,-1.646157317035479517e+00,-1.040959869011137240e+00,-6.668415034116139672e-01,-1.552035872046979348e+00,-6.444164420152211914e-01,-4.253801373769552918e-01,-8.836083046312621647e-01,-7.142599938927335357e-01,-4.488807890700677317e-01,-7.190720601375168997e-01,-1.351777224812332534e+00,-7.774433051358463631e-01,2.382235009661340663e-01,-1.587156574312934554e+00,1.978788567636891316e-01,9.825076556629910862e-02,-4.047396016013538045e-01,-2.204918230678357405e-01,1.032923061268596621e-01,-1.637015308938866431e-01,-9.274022252225029295e-01,-5.119870340878256432e-01
3.460900025259458501e-01,-1.155754522278491736e+00,4.370295913444467439e-01,1.410858972700475278e-01,8.309051518507838408e-01,2.096447238009237157e+00,1.496612409214501227e+00,1.296219441682128437e+00,2.585901554125928925e+00,1.050188350273071336e+00,1.300485535375065227e-01,-9.111804234614658826e-01,2.541150447838473325e-01,1.025487861208565221e-01,-6.552364437629304428e-02,1.487361990984455540e+00,9.852409181124186510e-01,1.690113398291269275e+00,1.978017192457305784e+00,2.060094231802618581e-01,3.817947202676844065e-01,-1.065570128496998281e+00,5.398313051519560979e-01,1.832522859034469986e-01,3.238854760320505899e-01,2.212927433789922738e+00,1.701530189325454634e+00,1.917388708676872611e+00,2.793164017359660800e+00,8.745744032254144651e-01
-1.720406622334632318e-01,-6.923520881018901951e-02,-1.556780190633331173e-01,-2.715464337563316954e-01,7.302414771381183778e-01,2.114117192123793620e-01,-3.902903988259923823e-02,1.454594710212447906e-01,-1.816220911022102882e-02,-2.730946862328054170e-01,-6.661344137426262746e-01,2.389592282098823572e-01,-6.502165376804114327e-01,-4.404274892711121381e-01,-5.066605688612583203e-01,-3.263397956775689890e-01,6.737030171621188369e-03,2.824886998628836077e-01,-9.094135280844468650e-01,-4.872205861879225774e-01,-2.986080146831397997e-01,2.747089664477500026e-01,-2.931528607903403638e-01,-3.558548669402488707e-01,4.886935293062728003e-01,2.749994833168110595e-02,3.308607274258518749e-01,4.768696915954929727e-01,-3.789080113607950495e-01,-3.930748072632275769e-01
-1.029929139949861794e+00,1.583941074023924589e-01,-1.035684179515994563e+00,-8.931743610168513259e-01,8.093343644123550673e-01,-8.377593655916613091e-01,-5.113112213973679543e-01,-4.624048243381384538e-01,-2.694634673805634817e-01,2.281699267563047362e-01,-1.064729407388740057e-01,2.604284990001858091e+00,-1.649418670261539599e-01,-3.571372175189483356e-01,2.964140563797732941e+00,-6.335553756787603019e-01,-4.414065391303544361e-01,-8.969681361987601187e-02,1.737908401101266653e+00,-9.355214563479828660e-02,-9.894144611775547160e-01,6.477423106072490722e-01,-1.002554212051964599e+00,-8.362369030364962263e-01,8.660172302235706887e-01,-9.696336325038759085e-01,-7.481769340695803017e-01,-7.175351189504934890e-01,-3.491019515272967416e-02,-3.582985899843358912e-01
1.478979449677021440e-01,-9.257785120843369242e-01,1.600211039802551527e-01,-6.987905729849362355e-03,1.255130638139869692e+00,5.777344111243192248e-01,1.355730149532154427e-01,5.881403923063344141e-01,1.110872429495662450e+00,9.764673113033203733e-02,3.870756482145296107e-01,-8.601780867228264738e-01,4.619518061198341630e-01,5.698286137094504128e-02,-4.850458420490774136e-01,9.945257890911256560e-01,3.592724856614309403e-01,6.896660137585525208e-01,4.528363494049161275e-01,3.665658035883334054e-01,2.182630085945005960e-02,-1.204219690043006663e+00,6.889679289793929073e-02,-1.294192816437799431e-01,-1.662016297570844126e-01,3.626763268638404925e-01,-6.786209476607993341e-02,3.910515373863892030e-01,3.899350340811943427e-01,4.835878948657824222e-02
9.410295791617843963e-02,2.428750907390206104e-01,1.073359830551191274e-01,-3.293607692221205141e-02,2.139806311117389559e-01,3.239796297478192977e-01,3.666120976147480004e-01,3.030149504328721322e-01,5.062925907583182283e-01,2.642720872485946892e-01,-6.816903864603554020e-01,-1.019652784568644721e+00,-6.826004051443907983e-01,-4.376723403327453799e-01,-9.644997822465452009e-01,-5.200308793911045946e-01,-3.993638832194671973e-01,-7.302058148143516503e-01,-6.558292433359774742e-01,-6.625036144634013358e-01,4.358940202943550335e-01,7.566812518219699912e-01,3.238613377488402945e-01,2.945302098302943206e-01,1.026488229464261215e+00,9.871764386954360315e-01,1.061852568111060213e+00,1.066869501783078933e+00,2.929494949128756076e+00,9.777812416014804997e-01
-8.713754939032669622e-01,-5.526541690142291463e-01,-8.628111264803921543e-01,-7.930482656550162934e-01,8.596662017686877988e-01,-4.880356706569810576e-01,-7.361775041404626796e-01,-6.175930260958347739e-01,-3.532305534706772776e-01,8.931546332441823999e-02,-7.258834907720855822e-01,3.405943195368811849e-01,-7.328679009093735930e-01,-5.622898461604103337e-01,-5.996693933257942755e-01,-8.759382457147264489e-01,-6.933510475148563224e-01,-7.015761599310623708e-01,-4.157204519799384546e-01,-5.827642040593925543e-01,-7.959054264667698719e-01,1.492641250489807891e-01,-8.150802820145374161e-01,-7.152596355027129871e-01,2.328073413278742843e-01,-6.751434039669497178e-01,-8.026786148008513422e-01,-6.110286597088382399e-01,1.473927950036185430e-01,-2.836979948538089769e-01
1.611687855790731705e+00,6.957870291826110387e-01,1.568936486220414928e+00,1.708129801017527871e+00,1.845005549458866301e-01,-1.753996323258309037e-02,7.432788681479992610e-01,1.228357482269440970e+00,-8.339807866835047268e-01,-1.222859216106908065e+00,1.259270754910838619e+00,-3.431326584811119629e-01,1.453284823561947992e+00,1.532894954200636928e+00,-1.621349233095260023e-01,-3.607737661155309694e-01,3.383118620308192548e-02,5.274313027532467890e-01,-8.591866890762960285e-01,-6.549606972630220847e-01,2.306481355831942803e+00,8.821260932207392047e-01,2.390573942481438063e+00,2.682332254155987528e+00,8.530060681229744146e-01,4.020708530497011379e-01,1.255476960182682067e+00,1.909726373479631034e+00,-2.172131853090778775e-01,-4.328991851148619729e-01
-1.092218072325309874e+00,-1.634480094519385140e+00,-1.075609622717074165e+00,-9.385836606034863028e-01,3.031398858572412758e-01,-5.380234546574644838e-01,-8.776480002303760353e-01,-7.522648215194628341e-01,-4.001449243807746192e-02,4.072921845834381327e-01,-7.456820015037408655e-01,-1.210357174113122936e+00,-7.299678530767783613e-01,-5.974709787580163578e-01,-4.280615622715093216e-01,-6.448540222287165724e-01,-7.576295969963906529e-01,-7.896918755162969372e-01,-1.462105841313233734e-01,-5.206249337896019513e-01,-1.010221884264735914e+00,-1.631722504809865582e+00,-1.016052335014659525e+00,-8.508740942978724187e-01,1.200439364560383360e-01,-5.666470039796610569e-01,-9.009250655927483198e-01,-7.236649871082865282e-01,5.069294805112096319e-02,-3.728821649722580678e-01
-3.475821989279075930e-01,-1.423277636177814776e+00,-4.112831760516877933e-01,-3.905695668343441840e-01,-1.883418934151423141e+00,-1.265517425626333070e+00,-8.351942538525480852e-01,-9.619004093175712589e-01,-1.726282355904283250e+00,-9.645899141235994012e-01,-8.796754937769070137e-01,-1.355787750248301338e+00,-8.425863772425573606e-01,-5.805162160603749566e-01,-7.395101258833891578e-01,-6.556146379905797295e-01,-5.077405073453098439e-01,-9.525628010745644803e-01,-5.369998925118153466e-01,-6.247890284615053025e-01,-5.441356071118779170e-01,-1.649878995012319383e+00,-5.910114408338044134e-01,-5.290322382495422637e-01,-1.534108471933130158e+00,-8.914903920368406620e-01,-7.457865094761034763e-01,-9.274831033549073567e-01,-9.448399025418061647e-01,-8.255338963281576570e-01
-2.031851284211871056e-01,3.132759101862109818e-01,-1.334514836730411047e-01,-2.754950685029955437e-01,1.068183813673493132e+00,8.257654004396954850e-01,7.004471952445524563e-01,8.795785745902794384e-01,1.110872429495662450e+00,1.457031928128498910e+00,-4.036005668852552658e-02,-5.027921474020701220e-01,1.134627249029818707e-01,-1.356656297810063250e-01,-5.158304529633954694e-01,-1.606263129448773641e-01,5.282823813318650308e-02,2.300009992435200212e-01,-4.316460350800840895e-01,6.628586170657066456e-02,3.639149702047694140e-02,6.807541109753462161e-01,1.858805252412936149e-01,-5.746778725050950831e-02,1.121903418201969149e+00,8.580140577581876205e-01,1.128306371809715936e+00,1.393284981185561877e+00,1.077930666497325163e+00,1.516251702694000558e+00
-3.277629931720831280e-01,-2.100368477045698179e-01,-3.170262018965614992e-01,-3.643393503029336844e-01,-1.598684539964171369e+00,-4.699103291300880669e-01,-6.088162650069787185e-01,-7.746224438065885121e-01,2.294970019388114790e-01,-5.230327204102003247e-01,-5.880010053194871800e-01,1.779781734136827442e-01,-2.229428236780572892e-01,-4.209295121688244046e-01,-1.100410564474652464e+00,6.184422682140108263e-01,5.282823813318650308e-02,-1.978532876234130045e-01,7.039705444456709760e-01,-4.147009829884655552e-02,-4.380177493672536282e-01,-1.527938483191093044e-01,-3.237486061724483277e-01,-4.498503240765558409e-01,-1.658581922695503197e+00,-1.352446516492517570e-01,-5.459470134614421433e-01,-7.371506970554314586e-01,4.787086640703723806e-01,-6.393128618669940977e-01
1.028436943547899940e+00,2.075643090347540021e+00,1.046201302041331216e+00,9.229155771095032268e-01,3.038589121051895603e-01,5.300361439482853543e-01,1.019165231849611164e+00,9.114053074931292020e-01,-3.568726006919861748e-01,-4.994274616267801448e-01,-4.354196019897015046e-02,-2.322580133971129945e-01,7.127637707825957604e-03,8.220307088368686288e-02,-7.450775555168296371e-01,-2.951340099681659668e-01,1.291278729344262910e-01,-1.262791504151898891e-01,-1.004967026685319453e+00,-4.541754251195945780e-01,1.101731559084152989e+00,2.146478047318863602e+00,1.148746629913520056e+00,9.875923984713559367e-01,3.715930704009039465e-01,7.973077387176807918e-01,1.746470171682819039e+00,1.269155150990251668e+00,1.061764667943573687e-01,3.860246411300127245e-01
1.829699119104799765e+00,6.934403352010385380e-01,1.762389664617397989e+00,1.792743402731754587e+00,-3.482978947832882088e-01,5.949057873076917247e-01,9.460994368966728629e-01,1.244928425846957731e+00,-1.674861451839031179e-01,-1.738009275439206469e+00,1.619532941260063863e+00,5.124500194170793499e-01,2.015894103085409839e+00,1.518059536840200563e+00,3.716833297791846125e-01,5.635631278285090362e-01,6.872052017663514700e-01,2.506058562465011796e+00,1.370394944944063997e+00,-5.227800529897103088e-01,1.457538493874950492e+00,3.803467276256612406e-01,1.535692821510769912e+00,1.373802625729352078e+00,-5.955699790767691182e-01,2.535341149718654541e-01,5.330906480339899778e-01,1.192531799017837679e+00,6.306133056531481977e-03,-1.414485963148101710e+00
3.291021118780962373e-01,7.568010727035096030e-01,2.896758937569571812e-01,1.585727082909878516e-01,-3.720257609655589492e-01,3.015830394345080795e-02,-4.427805447518533555e-01,-4.116398702038412405e-01,-3.058839395936565064e-01,5.737893673508518561e-02,-6.951250901711214514e-01,-1.306633324261061713e+00,-7.319012182985085158e-01,-4.353410604618196955e-01,-1.211431661282672767e+00,-6.287130985859219479e-01,-4.697464034851006609e-01,-9.360212226975529459e-01,-1.084594942186046795e+00,-4.473508809859181867e-01,3.256146779322953155e-01,4.117079379753538215e-01,2.008784396442877818e-01,1.694968531517924148e-01,-6.211233295231305407e-02,4.982968268479512908e-01,4.226530318153613464e-01,1.289996736407341693e-01,4.279808755051280333e-01,7.769766321523948749e-01
-9.559515431814070985e-02,-7.967103430978217382e-01,-1.445647513681868057e-01,-1.931378295011483281e-01,-5.445920604729839187e-01,-6.952369432696720031e-01,-9.869947416427043985e-01,-1.008535779100011132e+00,-1.478623144855250704e+00,-5.938484967604629183e-01,-1.616259349199134221e-01,-1.329362626503281408e+00,-3.012441151581267129e-01,-2.274332828819909114e-01,-1.824396666785443044e-01,-7.573024569401858308e-01,-7.811423415984053431e-01,-9.920081033582074381e-01,-1.017217475223892942e+00,-4.513019328527835272e-01,-2.008131261733885342e-01,-1.326363351404966195e+00,-2.760552383709267699e-01,-3.004804325297417145e-01,-1.055297706631178611e+00,-9.405720967929949161e-01,-1.144652757143643784e+00,-1.242251833257583149e+00,-1.658199429240559075e+00,-8.844291030101525397e-01
2.781384399345478986e-01,6.652800074221622006e-01,2.213498775571716148e-01,1.647777057500309783e-01,-3.727447872135062346e-01,-6.259790593300710304e-01,-4.581495567936783031e-01,-3.929646798228302318e-01,-7.101511811589888978e-01,-8.215698167887559578e-01,-3.235494691180931803e-01,-6.814851170624482979e-01,-3.679452153078154319e-01,-2.153530144599213603e-01,-7.578498940876637890e-01,-8.250943362399234537e-01,-5.230004343055577598e-01,-4.249818830308407791e-01,-1.178923395933061835e+00,-7.871413415363339716e-01,3.880369471938390213e-01,1.015823884711533509e+00,3.178621719876425500e-01,2.698409715580936674e-01,3.195484219985176844e-01,-3.038015587723608690e-01,-1.622892354698094938e-02,5.948696536330100315e-01,-3.646408208268198115e-01,-2.881852486962472315e-01
-5.033045298665280720e-01,-9.938326375499543230e-01,-5.594600786536324533e-01,-5.225667855085378566e-01,-6.416606039459108457e-01,-1.104869661777450940e+00,-8.542165556420199257e-01,-7.296441683819002710e-01,-8.740433061179075924e-01,-7.882447455651035995e-01,-6.616882960657612112e-02,-5.449245125339895468e-01,-1.238578560643891352e-01,-2.102665856506289455e-01,2.334800765255430344e-01,-9.224241058059752252e-01,-6.151828502286883493e-01,-2.535220610075863967e-01,1.118035705049452266e+00,-8.579010886065580044e-01,-6.356882686954750117e-01,-1.433651702601282052e+00,-6.896977176055063552e-01,-6.064506354030857471e-01,-1.159387003435950581e+00,-1.196701098191558454e+00,-1.077529634558815008e+00,-1.015293464715293581e+00,-9.622775798611088449e-01,-1.353347129544888450e+00
-1.676601510611332113e+00,-5.503074750326557574e-01,-1.653499542864659277e+00,-1.276191931443251271e+00,-7.006207562776144426e-01,-8.431015715153771239e-01,-9.198497955911247859e-01,-1.114274180975594053e+00,-1.529179562986655028e-01,3.156482387183939253e-01,-8.687156039075979441e-01,-4.545616767905306110e-01,-8.527365446566403939e-01,-6.753569199003071066e-01,6.480898362864683238e-01,-4.936673707745402040e-01,-5.276718405178786320e-01,-9.506541574156784913e-01,6.329179429219451425e-01,-4.448365752524583994e-01,-1.512929226051032972e+00,-5.902002031963975437e-01,-1.495085721046293559e+00,-1.119457736359026789e+00,-7.946054908644101245e-02,-7.558698920527300302e-01,-9.838727989863936818e-01,-1.356880367808314336e+00,3.170138380186551808e-01,-5.484459715576315286e-01
-1.890285528813128446e-01,-2.076901537229964290e-01,-2.174183951474768228e-01,-2.800077939277543781e-01,4.642017653975050728e-01,-4.191593728547881592e-01,-6.192722322157613313e-01,-5.386837709648027994e-01,-6.300261422901840547e-01,-7.854676562964659770e-01,-3.783489184646388059e-01,3.147235690172814349e-01,-3.669785326969502437e-01,-3.147503107748446105e-01,-3.619073983918040804e-01,-5.770621429289791715e-01,-4.392265495646047180e-01,-4.020781591242094111e-01,-2.123630062396200668e-01,-7.196142732662724750e-01,-2.361857454215965102e-01,6.673462412873766569e-02,-2.853539453007832294e-01,-3.131777550697307233e-01,1.026957203219091702e-01,-5.014200016063506959e-01,-6.525599503305077320e-01,-5.374702418153211037e-01,-3.598850906488286761e-01,-1.000536796183226551e+00
-7.920986708799689913e-01,1.852707162098103710e+00,-8.282365158732715171e-01,-7.295880643693462009e-01,-1.935188824003650554e+00,-1.249490807855185626e+00,-9.141808977068451858e-01,-1.187712394417541173e+00,2.112867658322649667e-01,-8.993283163106130518e-01,-9.935169304839243098e-01,-5.728279648801293256e-01,-8.696534903467788569e-01,-6.668795385514862950e-01,-1.092550663815677670e+00,-4.931293399864470350e-01,-5.136576218809161265e-01,-1.394731915383142340e+00,-6.374535705281172415e-01,-6.352054379286955488e-01,-8.645699226544677485e-01,1.355845428502934880e+00,-8.183798231831965753e-01,-7.489428105740724151e-01,-1.713228803518008547e+00,-7.074339992012618206e-01,-7.921607465895534883e-01,-1.430592032405776370e+00,-8.880847050330237247e-02,-7.290579387157477553e-01
2.308191372352560666e+00,1.138069217525058408e-01,2.507390202699399495e+00,2.410422695245610480e+00,2.650041559158222260e+00,3.304167362906414329e+00,4.251696780974434375e+00,3.525142868283346331e+00,2.713373206871754650e+00,1.059908162713303570e+00,2.874263558878710434e+00,6.325642182580780704e-01,3.476068186797075743e+00,2.753637868430824476e+00,-1.552575102329229184e-01,3.284384823215591886e+00,2.216623595680182301e+00,2.052755693479599408e+00,1.291992074297194426e+00,4.369663641252060082e-01,2.531201525173499167e+00,4.084067579385441960e-01,2.990490518601204961e+00,2.615318607417156827e+00,1.672709280460553893e+00,2.886509250377672142e+00,3.280644675776235086e+00,2.709674168071630973e+00,1.822995061049356824e+00,7.865120465675751182e-01
1.495603936363760100e+00,1.012590716694967474e+00,1.531892260569928332e+00,1.411982195017734032e+00,5.001530777948852702e-01,9.955712315863759487e-01,1.461339266823427741e+00,1.067382601802135511e+00,6.082699129549785644e-01,-3.827897123439955029e-01,4.323293870297414965e-01,1.107477281367873267e+00,5.697369172312877206e-01,4.310473133876603913e-01,1.185838039704666169e+00,3.704100749030663220e-01,1.970189765534884618e-01,5.878716852846350704e-01,1.576005396252971036e-01,4.617141583889291384e-02,1.126700466788769894e+00,8.243554425765693416e-01,1.133748715510525695e+00,9.523220580824978132e-01,6.404904204798987921e-01,2.845330863968052459e-01,3.404224257997591208e-01,6.469735329742516416e-01,2.374381037583417689e-02,-4.334600918451664842e-01
-1.800046849319038245e+00,1.256646890778559955e+00,-1.809496893103929027e+00,-1.335139407304162473e+00,-3.100011345678769459e+00,-1.144745413136615264e+00,-1.119898903151928415e+00,-1.269909535179032822e+00,-8.157705505769581311e-01,-5.438608899249829376e-01,-5.768375357872385784e-02,4.163586603442802625e-01,-1.499582865577455404e-01,-4.433945727431994333e-01,6.547469993995505555e-02,-1.128543700724462528e+00,-1.022218044862240882e+00,-1.891774534884690828e+00,7.578725180153939034e-01,-3.726400820488289245e-01,-1.410556704462101907e+00,7.979460022820915599e-01,-1.438093646314915874e+00,-1.072900887045733942e+00,-1.803005822012124337e+00,-1.216075455332145561e+00,-1.312795223048802695e+00,-1.749804916722852210e+00,-5.393311586469609620e-02,-7.559814617703742856e-01
2.101868773431499193e-01,-5.268405352169253097e-01,1.238000833442243487e-01,5.449797818248897086e-02,-4.676562519425901399e-01,-6.273146108109999286e-01,-6.983848515785979760e-01,-5.131697784724357225e-01,-8.667592116752887987e-01,-7.951874687366982108e-01,-3.507724213741190145e-01,-9.874991374942850841e-01,-6.023657484425911646e-01,-3.423018001585119707e-01,-4.038268685730035945e-01,-4.834447858007701049e-01,-5.672230797821947723e-01,-5.746513566151469909e-01,-6.203029425741145575e-01,-5.935398000599343415e-01,1.558407393329547252e-02,-8.245839858098882313e-01,-1.440735916245782788e-01,-1.754470758512398088e-01,-4.220878177354823180e-01,-6.312281944482852625e-01,-7.295316222404610862e-01,-5.282754395786313228e-01,-6.024273297264044480e-01,-8.748936885949722964e-01
-8.458936579314922932e-01,-6.019347426272616541e-01,-8.813332393056353409e-01,-7.707666838702698087e-01,-1.023463541606088434e+00,-1.245484153412398598e+00,-9.474384319612859651e-01,-9.095572700806531241e-01,-1.092566139396464964e+00,-1.772851064648033603e-01,-9.210402394126867565e-01,-4.353434049759709046e-01,-9.136375491411389271e-01,-6.435879332956012666e-01,-3.622348942525947524e-01,-1.042297365393130004e+00,-7.295388743063014880e-01,-9.073915678142636665e-01,-5.923239950745231436e-02,-5.184698145894934829e-01,-9.477996150031925415e-01,-8.658487362700098000e-01,-9.824570067519527994e-01,-8.039645415806910833e-01,-1.237453976039530001e+00,-1.230606223187586057e+00,-1.093832330286326870e+00,-1.130075245969969444e+00,-8.275318914846775398e-01,-7.313015656369664663e-01
-1.245109088155955002e+00,-2.264637055755809314e-01,-1.282234081345341892e+00,-1.033068849184372917e+00,-1.887014065391160678e+00,-1.529765825781560507e+00,-1.119898903151928415e+00,-1.269909535179032822e+00,-5.753954339705444898e-01,2.378897391965368868e-01,-1.701110109477656784e-01,6.804586127934014073e+00,-3.036608216852892950e-01,-3.895632011781876569e-01,-1.727892633749480655e+00,-1.016848509116323740e+00,-1.022218044862240882e+00,-1.891774534884690828e+00,2.133597888897188266e+00,-7.659493360686019381e-01,-1.304022698255734136e+00,-7.767168752761474115e-01,-1.345406535304411788e+00,-1.010825087961343627e+00,-2.617938274912818386e+00,-1.455994577923084288e+00,-1.312795223048802695e+00,-1.749804916722852210e+00,-1.578937259607364751e+00,-1.025216692316634370e+00
-1.277386080386869294e+00,-5.503074750326557574e-01,-1.244778253187627914e+00,-1.054504294951976950e+00,-7.861848797833791425e-01,-2.163463408222921769e-01,-5.893317023184792974e-02,-6.670428259779481728e-01,8.195086517909180301e-01,1.179323001264725779e+00,-7.693695054148282919e-01,-4.800628451598504265e-01,-6.908172073367436772e-01,-5.934442226173265444e-01,-3.389826881364607636e-01,4.882388174954670479e-01,5.436373175076919528e-01,-5.382280734580734416e-01,-3.765190166565034469e-01,7.562471157370682928e-02,-1.141308649713977275e+00,-4.069847111534579120e-01,-1.075444076050516617e+00,-9.230019403930871391e-01,-3.570320072324997818e-01,5.738568196962414714e-01,7.625714090077637675e-01,-5.054416806908521576e-01,1.220289007209963417e-01,8.067046888585445163e-01
-1.143181744268858324e+00,-9.562855338447862064e-01,-1.157518521655371613e+00,-9.501475195044306599e-01,-2.210302488965616707e-01,-1.081211321258138014e+00,-1.099780614438162551e+00,-1.206676918734032489e+00,-3.932930729050791996e-01,-3.161395698966898982e-01,7.949164220488694199e-02,1.206929401202834762e-01,-8.615723424065185876e-02,-2.891062321946618607e-01,2.423772393493210497e+00,-7.336291022640870629e-01,-9.724831400550653093e-01,-1.509409588554539550e+00,5.888163281830809392e-01,-1.258789336364233846e-01,-9.082655111375483870e-01,-7.189462246319769934e-01,-9.512613447937247058e-01,-7.759246209715489062e-01,8.920395544247643471e-01,-9.741543158366795518e-01,-1.279711746675083806e+00,-1.590121851212341841e+00,4.435197448046519775e-02,-3.869048332298758441e-01
-4.410155974910797694e-01,-2.699471714187494722e-02,-4.100483685300049252e-01,-4.754652138876183098e-01,-5.855765566059975002e-01,3.447274324871876534e-03,1.776488348054247046e-01,-1.149410709111608614e-01,-1.012441100527661009e+00,-1.272974996293243788e-01,-1.478376863746535264e-01,5.087541979142794490e-01,1.709803402494527447e-01,-2.666411716202868876e-01,9.379236730861671978e-01,8.992943395986372490e-01,9.307411789686759196e-01,1.235219992923452192e+00,7.125458584226724845e-01,1.381231683768490148e-01,-5.961541648298308571e-01,-5.126224723313692611e-01,-5.424181981681036602e-01,-5.812323420250522510e-01,-9.512084098264067533e-01,-3.393212135301041932e-01,-1.711284372042781721e-01,-3.299742046740245516e-01,-1.242865660362618252e+00,-6.724063589549723607e-01
2.866323852584729548e-01,2.493354619067535083e+00,1.987117396596517760e-01,1.836747434662084066e-01,-9.019481057029434812e-01,-1.098382697441510292e+00,-5.295776701356025296e-01,-5.494680358327104219e-01,1.493719630700065804e-01,-1.363102224173112997e+00,2.336371900442022753e-01,7.840928998728765587e-01,8.929565963135557838e-02,1.125097092057210230e-01,-5.176881822308687653e-02,-6.114961133669409854e-01,-2.470760406978090851e-01,-4.464541241933075999e-01,1.339768823597631275e+00,-7.436797710008155038e-01,2.132545932615171891e-01,1.877431874318870708e+00,8.989387306213079964e-02,9.595819344102321513e-02,-7.256816000827343016e-01,-9.950786215485137864e-01,-5.731978538270776635e-01,-7.422078382856106549e-01,5.199249922796335133e-01,-1.246213944056689060e+00
-1.029929139949861794e+00,-9.867925556052350444e-01,-1.003990786459467710e+00,-9.047382199177955719e-01,1.737151612266727707e-01,-4.425099285116201875e-02,-3.218440565538863707e-01,-6.865071089102694479e-01,4.152414102255856387e-01,8.877286280577656452e-01,-2.630933024196461800e-01,-1.398624758271138635e-01,-1.422248256708250891e-01,-4.090611782804753904e-01,1.227864755783135142e-01,7.012990095803566248e-01,6.168226815007180619e-01,1.186634524751732506e-01,1.269744182788635767e-01,3.626147517214681759e-01,-8.541662111108770938e-01,-6.545732139141872130e-01,-7.706864553816750174e-01,-7.699286631054430563e-01,5.065107191952409466e-02,3.026158197280198192e-01,9.229635299686622663e-02,-3.230781029965072437e-01,1.822681496422239311e-01,7.063023841340017039e-01
-3.787266651156320219e-01,-6.324417643877113804e-01,-4.326865064275241535e-01,-4.283636422666987631e-01,1.845005549458866301e-01,-9.783738572266090783e-01,-6.597103704569564631e-01,-5.165891795281137844e-01,-8.048444089130304402e-01,-8.646147004526414381e-01,-5.841120121400549259e-01,-6.088622245324291082e-01,-6.705168725085774994e-01,-4.607732045082819639e-01,3.186290003311044727e-01,-1.077323169697994354e+00,-5.286061217603427176e-01,-5.140519204455182845e-01,2.409035896875962868e-01,-6.876466717979986543e-01,-5.774274840513674567e-01,-9.533300072454671259e-01,-6.429042246681644368e-01,-5.680059643792304547e-01,-8.379760311997390410e-02,-1.176228860813004484e+00,-8.160649925243216307e-01,-8.484078041193763298e-01,-8.275318914846775398e-01,-1.108791795132035407e+00
1.762110960474511656e-01,1.463155961156985319e+00,1.159796357068995781e-01,4.011366589107034919e-02,-9.343042868605850870e-01,-6.006035811924209655e-01,-6.027694405970803748e-01,-4.737151509069197908e-01,1.056673964142947203e-01,-8.271239953260312028e-01,-3.497117868706375865e-01,3.368984980340812285e-01,-3.292779108732132309e-01,-2.683366478900510166e-01,-7.251003080086019237e-01,-7.486939643306954606e-01,-4.158695185030006902e-01,1.266161343871979872e-01,-2.295136341936225566e-01,-4.290323677849973150e-01,5.719892010765840334e-02,1.114859285815824830e+00,8.905135285962583261e-03,-8.921109360048179449e-02,-1.107342355033565040e+00,-7.435994658636913002e-01,-5.426004190305745434e-01,-7.175350852698998694e-02,-2.901343813716170117e-01,-8.025367203856649256e-01
-1.193012890169216744e+00,-2.640108092807491036e-01,-1.122943911048251309e+00,-9.927363657005915387e-01,8.958909021680372398e-02,4.918775302074582245e-01,5.266009934599752418e-01,-2.924868949559829012e-01,-5.171226784295960277e-01,2.555370733874720024e+00,1.028256012814805220e-01,1.955668316260464668e+00,1.323130358148505159e-01,-2.668531061540073690e-01,1.922703726483561582e+00,3.359709133548633986e+00,2.705564112569759150e+00,2.020944965831500184e+00,2.232826522059632612e+00,5.064366473291173953e+00,-1.035190791969353485e+00,-1.891068287240160739e-01,-1.020851667623617898e+00,-8.584572174814768530e-01,-6.211233295231305407e-02,2.729084721124527269e-01,3.538088035232293538e-01,-2.311300806296107957e-01,-4.613406677793173705e-01,1.813532269755496085e+00
-8.426989388624078758e-02,1.244913420870694898e+00,1.842984149395232238e-02,-1.649332955964060432e-01,1.470838512524151209e+00,1.230246706092462672e+00,5.895887477297494517e-01,5.079159829231185697e-01,1.689957937683841172e+00,1.334840000308439967e+00,2.583853284587712684e-01,6.011497354842785246e-01,5.594510955651121886e-02,-2.164485063936738563e-02,8.812668891693894446e-01,6.953806709113315998e-01,6.030248807289970148e-02,6.785322590817177701e-01,4.614116633819175806e-01,1.140253596427229343e+00,-4.683819532824744919e-02,1.222147637012140686e+00,-3.308902504242128284e-02,-1.569301471470893050e-01,2.076055305579045385e+00,9.290533672736742687e-01,3.036098870602162991e-01,5.810774502779757489e-01,1.182556730413142132e+00,1.931322683119485184e+00
-3.475821989279075930e-01,-1.190954932002086908e+00,-2.853328088400345353e-01,-4.010052443790986243e-01,-5.855765566059975002e-01,5.910899259336088729e-01,6.110045841814727430e-01,-2.230467504406746237e-01,-7.829921255851750583e-01,1.851250430924193113e-01,-7.053778903714428283e-01,-1.409007579888620798e+00,-2.248761888997874159e-01,-5.027362421849446150e-01,-4.873383130746117287e-01,1.629402119041048147e+00,1.518404080478632734e+00,2.872603090100985801e-01,-9.694407259234566476e-01,1.341398055104008114e+00,-3.839184493405826126e-01,-1.293351551036869163e+00,-6.308485384840963051e-02,-4.195178313421378258e-01,-2.659538725283240868e-01,2.145117183797866645e+00,2.381366943710260031e+00,6.423761318559064737e-01,-4.217095829627199310e-01,1.903277346604249853e+00
-1.069204147500401186e-01,-2.992112190043438869e-01,-1.548548140488774372e-01,-1.956762375525750441e-01,-1.172301974931242663e+00,-7.604881727664865032e-01,-7.569634630494881389e-01,-9.203415349485610797e-01,-1.230963933806219268e+00,-9.659784587579177684e-01,-5.374440939868677658e-01,-8.228502895445468646e-01,-6.212160593544597820e-01,-3.942257609200390811e-01,-1.359459790360032949e+00,-5.227210333315704949e-01,-4.678778410001723231e-01,-9.648099312190826504e-01,-8.922629001304441809e-01,-6.625036144634013358e-01,-1.862479300123616455e-01,-5.076707022761544064e-01,-2.973522768231787183e-01,-2.664445540544937430e-01,-1.492906458614574383e+00,-4.542757325642550748e-01,-5.650704102092565240e-01,-8.274130056789348320e-01,-8.798449234425864685e-01,-7.700041300279919509e-01
-2.116790737451121895e-01,-6.559087042034409398e-01,-2.379985205088580580e-01,-2.845205193525132126e-01,-1.768374734479806198e+00,-5.794255505662619932e-01,-1.005050880498990218e-01,-5.334231539560673196e-01,-1.416708342092993345e+00,-6.285621126184345320e-01,-8.418461964860659563e-01,-1.158396360589142859e-01,-7.903855162558443004e-01,-5.385531783837123054e-01,-3.504450432641325608e-01,3.800946290887430856e-01,5.215259947693736686e-01,-2.407977699483467293e-01,-1.040493327447182370e+00,9.178810557451937135e-02,-4.109680993539183147e-01,-4.598035917424135866e-01,-4.533305866143182428e-01,-4.318624504782381246e-01,-1.259139246207190865e+00,2.313284048917591852e-03,2.687096879954547490e-01,-3.739560087061900573e-01,-1.358588428027082795e+00,-4.256073976209004961e-01
1.620545205075764050e-01,-1.221461953762535746e+00,2.608637182510233354e-01,4.857998510142517296e-03,5.289141277127893392e-01,1.525975962583872692e+00,7.067459706715298884e-01,3.871848225726396420e-01,1.001611012856383320e+00,1.569504043508327618e+00,5.097557057838930650e-01,5.697352527104786457e-01,9.361096267491435530e-01,1.987670644299721068e-01,9.782056639634133521e-01,1.442167404784630458e+00,6.214940877130388230e-01,6.212729493151394333e-01,7.296964863766753906e-01,5.831552831992221630e-01,4.679520856406767237e-02,-1.187713789858957814e+00,2.098771882860842042e-01,-1.195435863348996430e-01,-1.440473858345846063e-02,7.152896268225281684e-01,2.261601302315676965e-01,-5.183143701416247084e-02,-1.236838251419077606e-01,4.606252362605388062e-01
-3.419195687119578886e-01,-6.699888680928794971e-01,-3.849406155891197945e-01,-3.891593401391070794e-01,-1.174459053675085629e+00,-9.531891721576631893e-01,-6.319957585782557397e-01,-6.446852036908224948e-01,6.560487697989278444e-02,-8.451750755721771924e-01,-7.347221116344316849e-01,-5.434461839328698085e-01,-6.598833637890619830e-01,-5.154523142081757214e-01,-5.538199728151076418e-01,-5.254111872720362841e-01,-2.993957902758019873e-01,-5.525429008997180258e-01,-2.503393967091973593e-01,-5.992867845935565541e-01,-4.900363070852065683e-01,-5.835978431227781815e-01,-4.887256646053843023e-01,-4.874132365906896358e-01,-9.468713557928744029e-01,-6.596439182544798774e-01,-4.694534264701841209e-01,-4.878183097371968091e-01,1.886091232128797035e-01,-8.064630674977979474e-01
-1.408961960457393581e-01,9.492299791924962982e-01,-1.931338472210468171e-01,-2.289575875601707888e-01,-2.361298001034615179e-01,-6.897039442772521234e-01,-7.452477407553100841e-01,-6.273251675619954115e-01,-5.353329145361425123e-01,-6.591100945734492678e-01,-1.980410528727792885e-01,2.463508712154822977e-01,-3.829287957762238515e-01,-1.871657214750924170e-01,-3.671473321644541099e-01,-2.499394237683409681e-01,-3.928239145222181539e-01,-4.501123578728390973e-01,3.632109909342020465e-02,-4.444773887191071360e-01,-1.841671877036435701e-01,5.866704799262689729e-01,-2.856539035888432387e-01,-2.595668376786664511e-01,-4.307619258025469078e-01,-6.525399873029312792e-01,-8.112841433373679800e-01,-6.504130626226590772e-01,-4.169538527847287956e-01,-8.042194405765791254e-01
9.151843392289038537e-01,9.093361815057547926e-01,7.868917224879278249e-01,7.861235876715032544e-01,-6.560411289048623251e-01,-7.768963766750420774e-01,-7.557037079640926969e-01,-5.236910124899066821e-01,-8.995376366670719825e-01,-1.345051143926968118e+00,-4.652028404647469070e-03,2.112405669388824347e-01,-1.359413887002022814e-01,9.195205943483059086e-02,-4.136517443967220875e-01,-7.842039963448436124e-01,-6.341799021587929408e-01,-6.716740759418492468e-01,-7.918092221141422860e-01,-8.054598547372548989e-01,7.521668512195094358e-01,9.795109043066260179e-01,6.328183744505198050e-01,6.013821712133597952e-01,-3.266726289977749387e-01,-6.725601563482046519e-01,-7.338343865087193496e-01,-4.878183097371968091e-01,-7.181500973908688801e-01,-1.049896588450041301e+00
2.498252888547988493e-01,-8.624177745818658591e-01,2.291703251944963715e-01,8.495887479961049260e-02,-8.652777670576149438e-01,1.141072541732704171e-01,-3.004282201021631904e-01,-2.756529205280293660e-01,2.549913324879758414e-01,-5.119243633356499457e-01,-6.017892538647470202e-01,-1.304785413509661929e+00,-2.814271216353931293e-01,-4.279233517816015686e-01,-9.399375926872485243e-01,3.461986894388743852e-01,1.126222376508927148e-01,-5.470501320696703751e-02,-8.163101191912889298e-01,-2.214225515078934170e-01,3.639149702047694140e-02,-1.027606558073686394e+00,2.128767711666832985e-01,-1.213071033543425409e-01,-7.777262484851199531e-01,7.101231315850384807e-01,3.136496703528188768e-01,3.634671306763203047e-01,7.764208572640686479e-02,-1.390185757724440516e-02
-6.561955456971730882e-01,-4.517463278065890209e-01,-6.841756383436028432e-01,-6.274876516341791888e-01,-3.504549735271301758e-01,-7.879623746598819478e-01,-7.604907772885955985e-01,-8.390650021635980282e-01,1.311617269634600680e-01,-3.564073642919367568e-01,-2.058190392316437412e-01,-1.158396360589142859e-01,-3.060775282124518770e-01,-3.181412633143729241e-01,-4.997831557846552641e-01,-3.225735801609168618e-01,-3.747611438345776480e-01,-1.033202995662495738e+00,-7.109562617595576173e-01,-2.691943604436283222e-01,-5.795082263600859207e-01,-1.726009285399678073e-01,-6.330056011621882917e-01,-5.554849935411858564e-01,-3.093244128636463697e-01,-5.175652992235068028e-01,-6.200501758592231738e-01,-9.290155703943555610e-01,-1.997755079897751973e-01,-1.490803795806789345e-01
1.167534787799777707e-01,-1.221461953762535746e+00,8.140502509977895484e-02,-2.870539683650071353e-02,1.017851976317160290e+00,-2.136752378604342695e-01,-2.512977717717391202e-01,4.384758384078102922e-01,-5.863215756344721807e-01,-2.147758115914125965e-01,-3.394589866703160985e-01,-8.895598676700859908e-01,-3.457115152579192663e-01,-3.045774531562597254e-01,-2.803609290549396449e-01,-7.061895320713361679e-01,-5.192633093357010843e-01,-8.492520447266106720e-02,1.833264815563010741e-01,-9.247458603474396910e-02,-9.053378381132808073e-02,-1.420446982454043328e+00,-1.200769285797876756e-01,-2.241201455878640281e-01,1.373921525901662943e-01,-6.777266515856947837e-01,-6.563846296800706082e-01,-1.115976515526452412e-01,-4.740226149206289152e-01,-3.235223727054434284e-01
-1.154143600739646752e-01,-1.185157824232223878e-01,-1.297470611079923619e-01,-2.351625850192142209e-01,2.456177860214332487e-01,6.450105631019510677e-02,-4.415207896664578580e-01,-2.748638279767189885e-01,-3.532305534706772776e-01,7.877534143868076821e-01,-2.931446133516227848e-01,8.558263584368401566e-02,-2.775603911919328759e-01,-2.886823631272208424e-01,-8.189843741582394920e-02,-1.681587439781816185e-01,-3.725811542688279299e-01,2.586306541268094117e-01,-2.295136341936225566e-01,-2.638426389808816094e-02,-2.341050031128784348e-01,1.556633355818656979e-02,-2.301616202977645465e-01,-3.087689625211234579e-01,4.756823672056753050e-01,2.491670071293606431e-02,-3.877009053732772270e-01,2.178827619287339590e-01,-8.880847050330237247e-02,3.613447449966057379e-01
-7.807734104480695825e-01,-3.789988143778261209e-01,-7.981895328456553029e-01,-7.180242054684017328e-01,-5.151119843071315652e-01,-9.633012047989824023e-01,-7.693090628863640257e-01,-7.175447492618086676e-01,-7.647818894786284627e-01,-5.035930955297360789e-01,-7.439142773312716894e-01,6.510433257720779077e-01,-7.246510987170207141e-01,-5.597466317557641124e-01,-5.233628577615798694e-01,-8.440868230596119126e-01,-6.600283498669679005e-01,-9.578115711365008389e-01,-8.775623618841560392e-01,-7.763657455357920734e-01,-6.627379187088102697e-01,1.780047063232984339e+00,-6.609017219517576702e-01,-6.272601362325120888e-01,5.971198801445770643e-01,-5.847297373108758523e-01,-4.469834352915020848e-01,-4.168650858107417201e-01,1.077617101870210897e-01,-3.599813101752493694e-01
-1.526541809888661394e+00,-7.873235671715295148e-01,-1.483507707379650098e+00,-1.194398783119498653e+00,1.384555362770439002e+00,-4.122908223814392703e-01,-5.993681018665125704e-01,-7.638381789386807785e-01,-5.899636228557820772e-01,1.884703675498708764e+00,-8.326540307892260628e-01,-1.138843028033943439e+00,-7.270678052441832406e-01,-6.592287018841755941e-01,4.165502627074995079e-01,-1.886039139257214003e-01,-7.277188465341186997e-03,-2.376166971835369235e-01,-4.279709005185117765e-01,-5.192258430356092719e-03,-1.374767936752150144e+00,-9.764382675031352266e-01,-1.278515837067057515e+00,-1.045037318138536175e+00,1.772461523231793512e+00,-1.055373040336846924e-01,-1.386186627329935583e-01,-1.407145253021624687e-01,3.325527073181826915e-02,1.000217510813668831e+00
5.641012658400140767e-01,-2.663575032623216599e-01,5.440462432236289336e-01,4.473871354755485918e-01,1.054076676716508842e-01,1.923324123419657972e-01,7.019172602118958770e-02,2.932828089667114391e-01,1.821503880617897086e-01,-3.843064303291685718e-02,1.070831358125620580e+00,2.389592282098823572e-01,8.094742047258215445e-01,7.207618209836094136e-01,-7.174606573131479814e-02,-3.365623806513388661e-01,-6.707118798304750884e-02,-3.561857661810751557e-02,-2.233884099243360899e-01,-1.388096488370734738e-01,7.667320473805363523e-01,-4.385490710438837841e-02,6.568150374953107828e-01,6.278349265050033878e-01,-5.730630516395082523e-03,-1.882012278335236377e-01,2.679871913560167088e-02,1.136750032462513910e-01,-1.791673438851441591e-01,-1.283268305594049696e-01
1.237954261538042999e+00,-3.907322842856912892e-01,1.210842304932381097e+00,1.166602750046476400e+00,3.922991406027445671e-01,5.357599360094098540e-01,7.583959291727451202e-01,1.145502764381857164e+00,7.653101864382048924e-02,5.850258977762531343e-01,1.379829543473238829e+00,-2.913911574419124073e-01,9.631767398533650493e-01,1.180447824623414244e+00,3.225589506605918699e-01,3.499649049555265123e-01,3.589610585806096710e-01,6.101391946383046827e-01,-5.394499822195298888e-01,5.152690283958093476e-01,1.355582120747763186e+00,-4.383459215031505485e-01,1.178742458719508335e+00,1.275045672640549466e+00,4.193006647697573586e-01,3.626763268638404925e-01,3.762787947019112789e-01,7.986877698796308600e-01,-6.262059806163629005e-01,5.935601313427554260e-01
-1.154143600739646752e-01,3.860234236149739373e-01,-6.924149254553156607e-02,-2.157014566249421395e-01,1.664975599470004841e+00,1.161561201358974005e+00,5.998770982948607028e-02,3.043301046850560021e-01,1.402236207200405760e+00,1.631988552052677344e+00,6.416279290500962462e-01,3.221152120228814031e-01,4.822521409480002297e-01,2.307691790217703820e-01,5.947080109775971790e-01,2.504292091582928648e-01,-2.473874677786304654e-01,4.113221468376850321e-01,-6.999308580748416775e-01,5.716613141319776270e-01,1.716397470871542652e-01,4.298644281778072340e-01,1.048917874651249665e-01,3.529320797218732375e-02,1.468867740884541639e+00,7.456427863427818048e-01,-3.248381078262332911e-02,6.347137966586650082e-01,4.612709867510697004e-01,1.751832529421978091e+00
9.976558813212864363e-02,1.362248119949345249e+00,1.616675140091659024e-01,5.704134527284657370e-03,-5.302115355140314401e-01,3.697699662368117979e-01,1.511939780121195620e-01,-2.467195269799843660e-01,2.222129074961926853e-01,9.070400795873656552e-02,-5.225952109381264421e-01,-2.285621918943130104e-01,-1.175744190937661193e-01,-3.594684973898740199e-01,4.877241103963348562e-02,1.124191209021576210e+00,1.702362476028491944e-01,-4.357125853013224526e-02,1.304524687013083016e-02,8.227327009445998263e-01,-3.142606845167551007e-03,1.022426244785152649e+00,1.918796910024913593e-01,-1.200726414407326387e-01,1.070327743554420619e-01,1.081464976779627385e+00,6.186678484804599698e-01,9.681786581232029731e-02,4.470037962170944623e-01,1.033871914631951494e+00
-1.635467169095386752e-01,-1.132287582462761844e+00,-1.820205795259011161e-01,-2.484187159544432311e-01,1.471111900526117233e-01,-4.260279233281369926e-01,-2.803981142443748298e-01,-1.235903924081921401e-02,2.695595213732134288e-01,-7.077091567746089940e-01,-4.670886719225932349e-01,-7.651954741008674121e-01,-3.867955262196840494e-01,-3.499314433724506901e-01,4.823769307264146877e-01,-5.937410973598669095e-01,-2.788416029415905495e-01,1.997808079778259915e-01,-9.475870026931502987e-02,-5.461271776575506998e-01,-2.341050031128784348e-01,-1.035859508165710263e+00,-2.220627465201478190e-01,-2.923682542403043261e-01,5.407381777086578412e-01,-4.872121397032533330e-01,-1.701722673668875641e-01,2.240126300865272480e-01,1.141026837576768621e-01,-6.325819811033379647e-01
3.800657838216450757e-01,-1.711920995911294430e+00,4.370295913444467439e-01,2.327506324604599053e-01,2.153913448074376014e+00,9.898474395252518931e-01,1.439923430371704338e+00,1.615538894112371615e+00,5.645653462992666904e-01,1.101564501742870572e+00,6.676402816310865462e-02,-1.005978245008285032e+00,-2.573957106158593702e-02,9.682655371040259362e-02,-5.227078660399986365e-01,-1.304965888116606243e-01,3.178526839121865732e-01,2.077334898898507143e-01,-3.250671327944955058e-01,1.248332666428473570e-01,5.316081664953885566e-01,-1.402290492251589971e+00,5.368317222713574477e-01,3.968141969579828121e-01,9.354100947600860749e-01,6.817074077788437547e-01,1.474439852945157670e+00,1.050012364349148131e+00,4.929758546043476741e-01,9.609540396923396122e-01
-3.589074593598075569e-01,5.127448986199170111e-01,-3.808245905168438084e-01,-3.945182015810080323e-01,-1.454879290374651468e+00,-3.903496194804637609e-01,-3.481729378386521079e-01,-7.788309374135768959e-01,-8.412648811261235204e-01,-2.244956240316447471e-01,3.439431784062810804e-01,1.100085638362273466e+00,-1.480249213360154137e-01,2.476881224542629503e-02,-3.203154240713955159e-01,1.031111882681460257e+00,5.894170983884358117e-01,2.411347539203547996e-01,7.492972040383923948e-01,1.404614884973853117e+00,-3.818377070318645372e-01,2.433477560980579768e-01,-4.641290849844740274e-01,-4.077022673118704810e-01,-1.626921428250718060e+00,-3.819447992393961155e-01,-4.340751424867274055e-01,-8.914701279278728352e-01,-6.610813352549687050e-01,-1.322531776715379637e-01
1.441808949312237464e+00,-1.443294162205253361e-01,1.383715357967983728e+00,1.403520834846311294e+00,6.870999022612628293e-01,4.403634016573420573e-01,5.467570748263029801e-01,1.095789933649307324e+00,3.861050324551114077e-01,-4.369429530824304742e-01,1.150732490721229073e+00,-1.790036623471500526e-02,9.564099615773096197e-01,1.323079765817323450e+00,-1.739247742979881939e-01,-1.385670506330579921e-01,-1.050652918432566640e-01,5.544704212541310406e-01,-2.515644415630550745e-01,-4.354977253853222763e-01,2.060953763403205130e+00,4.298644281778072340e-01,1.889643601421431951e+00,2.236162448236932221e+00,1.338756119878576456e+00,6.352089506414344555e-01,5.416961765705066156e-01,1.454583662763492935e+00,1.001838983649458559e+00,-5.204351523796459794e-02
-4.664974334628539387e-01,-4.400128578987246852e-01,-4.705539370924656795e-01,-4.915417982133213348e-01,-4.647801469507998884e-01,-5.212336646115004468e-01,-6.652532928326966299e-01,-6.467894504943166867e-01,-1.037935431076825399e+00,-3.189166591653275207e-01,-8.796754937769070137e-01,-7.792395958115072574e-01,-7.758852770928685860e-01,-5.968351751568549135e-01,-1.045718755722619075e+00,-6.416258375001576697e-01,-6.030371940766542371e-01,-7.631299179301342939e-01,-6.386786153819745682e-01,-8.187497564712562514e-01,-4.525829455282804892e-01,-1.973597788160404987e-01,-4.284340487053479585e-01,-4.755976725604222910e-01,-1.705386837906173181e-01,-1.383201356823846040e-02,-3.432390079346085421e-01,-1.361171241838175228e-01,2.060468005321823837e-01,-4.070974755208452978e-01
-4.693287485708287909e-01,1.654341893471117375e-01,-4.713771421069207768e-01,-5.163617880494946188e-01,-8.077556672218069167e-01,-4.234306216412061369e-02,-2.594861798268097708e-01,-4.547769296754720636e-01,-1.092133896429536427e-01,-3.704209839859853165e-02,-1.336958929948998120e-01,-3.006307111989121594e-01,-1.349747060893371209e-01,-2.490506053214838200e-01,-1.503450723210635331e-01,4.333596771099652578e-01,4.452263599681338668e-01,3.397480096294621665e-01,8.362753886622639188e-01,2.983203622515691045e-01,-5.774274840513674567e-01,-4.069847111534579120e-01,-5.691144858054332234e-01,-5.743546256492250146e-01,-1.150712895368886768e+00,-2.385745563990505080e-01,-4.025215378528333998e-01,-5.812987991435417667e-01,-3.487883869001808246e-01,-3.493240822994601036e-01
-9.223391658468153009e-01,5.385585324172199595e-01,-9.620073307222495318e-01,-8.288680237140388929e-01,-1.541162440128363453e+00,-1.170502477411673459e+00,-1.119898903151928415e+00,-1.269909535179032822e+00,-5.462590562000702032e-01,-4.549940333285764082e-01,-3.030438687174502599e-01,1.872177271706828572e-01,-3.592450718100298479e-01,-4.111805236176805378e-01,8.481898072295372959e-01,-7.852800579210299503e-01,-1.022218044862240882e+00,-1.891774534884690828e+00,1.159687230080601816e+00,-5.719886080588507671e-01,-9.519610996206286924e-01,-1.263844080246314949e-01,-9.905558805295695546e-01,-8.194834913517886621e-01,-1.363228543011962834e+00,-1.157694059148509425e+00,-1.312795223048802695e+00,-1.749804916722852210e+00,-7.086386370348856101e-01,-1.006706770216578395e+00
-7.779420953400947303e-01,-6.923520881018901951e-02,-8.113608130769390803e-01,-7.287419283522038604e-01,-6.193707902595347869e-01,-1.021493090753743616e+00,-8.176836581655507752e-01,-6.983434971799242774e-01,7.357415657008042897e-01,-4.452742208883442854e-01,-4.822910998058283494e-01,1.425317930608669847e+00,-4.370630219846668441e-01,-4.785757053408055128e-01,-1.477251054347385184e-01,-6.287130985859219479e-01,-5.936943816520124928e-01,-3.133262289860126448e-01,1.664405709869826611e+00,-3.205580347128771934e-01,-8.063091380103606376e-01,9.974642449683479573e-02,-8.342776124503700208e-01,-7.365981914379721163e-01,-8.557932210886993740e-01,-1.005282449642556308e+00,-9.528450877630646465e-01,-7.992156121530865631e-01,5.738232676302061908e-01,-7.812222646340857279e-01
1.328556344993240268e+00,1.865544351812687962e-01,1.194378204643276487e+00,1.262498165322600174e+00,-4.683752781905374807e-01,-8.543583625689209482e-01,-1.095753246647466900e-01,2.669797239230342623e-01,-9.505262977654026502e-01,-1.776888525200134961e+00,-2.606184885781893112e-01,-6.923877904957081997e-01,-2.393764280627631302e-01,-7.060172792880708981e-02,1.905781187619717820e-01,-7.798997500400983718e-01,-2.053448118677432266e-01,4.351801925737595056e-01,-1.560109429621821253e-01,-7.702595744688185420e-01,7.750550166154086540e-01,-2.039621388896598053e-01,6.568150374953107828e-01,6.331254775633320397e-01,-3.136614668971786646e-01,-8.830948372759195308e-01,-2.562275527320526658e-01,2.332074323232167234e-01,-5.358471072345211139e-01,-1.486282024627104681e+00
-1.777032924494129362e-01,7.309874389062066546e-01,-2.046587174234203721e-01,-2.633671189239564780e-01,-5.913287665895781142e-01,-5.082597359396192616e-01,-5.213892620805318234e-01,-3.798131373009915879e-01,-7.236067446293317079e-03,-7.743592992219145987e-01,-5.947183571748702047e-01,2.777653539892818157e-01,-5.429147678743903027e-01,-4.211414467025449415e-01,-8.298989834616004035e-01,-6.357074988311329777e-01,-3.697783105414354510e-01,-8.579458117223267427e-03,-5.100489057269537163e-01,-6.696873451304291569e-01,-2.257820338780057723e-01,1.037281554950796547e+00,-2.430598266843397581e-01,-3.142358652813965203e-01,-6.649628436132839493e-01,-5.272524777938003560e-01,-2.218054385859866695e-01,2.148178278498377447e-01,-5.393311586469609620e-02,-8.244120828675486345e-01
-1.288428209307971306e+00,-7.685500153189454009e-01,-1.303637411721178196e+00,-1.057042703003403750e+00,-7.984083259984876557e-01,-1.197213507030252533e+00,-9.117873630445936239e-01,-8.314371075009314715e-01,-9.468842505440937529e-01,1.767937752865074430e-01,-6.604776963907248444e-01,-6.885071779177682760e-01,-7.942522466993046093e-01,-5.813639541952569934e-01,1.523158776319004870e+00,-8.197140283589918752e-01,-6.528655270080759854e-01,-3.612013740964019615e-01,3.989343758351932001e-01,-1.007358763018259690e-01,-1.191246465123212195e+00,-1.052365408349759113e+00,-1.240721092771512435e+00,-9.542161916372265962e-01,8.183096358547172766e-01,-1.017746619403000707e+00,-9.704386127710539212e-01,-6.430572208333071860e-01,-2.346508626283805854e-01,-1.171086959533104849e-01
8.557267219614304032e-01,-6.535620102218684391e-01,9.926929761017401210e-01,7.285863385058291009e-01,1.643404812031576068e+00,2.365465464882068325e+00,1.688095182194615518e+00,2.415152679440162764e+00,4.476124061985456315e+00,1.579223855948559629e+00,2.276772788584116913e+00,-4.188969992885110405e-01,2.135279405527244379e+00,1.511701500828585010e+00,3.405712230040758293e-01,6.647129159900220241e-01,1.400278207631747152e-01,1.920741173739988206e+00,3.070560117958925361e-01,1.301528349902003834e+00,1.251545005311857306e+00,-6.826332442270701684e-01,1.358717431555438448e+00,1.029916806937985596e+00,9.961288512295357611e-01,9.180745648940079606e-01,5.292659686844269906e-01,2.157986033870251674e+00,1.840432738368659615e+00,1.235798337541646141e+00
-8.657128636873167027e-01,-1.021992965328830216e+00,-8.879188794212772295e-01,-7.789459987026451371e-01,-1.318264303264605752e+00,-1.067283427242736282e+00,-7.782533239926719970e-01,-1.079317380952546701e+00,-1.005157006085042104e+00,-8.564116059975823703e-02,-7.654805122353960378e-01,-9.509105046165654551e-01,-7.710518640385433109e-01,-5.741581800487594034e-01,-8.940881721765618906e-01,-5.888988202670285554e-01,-4.180495080687504084e-01,-1.228838970698305166e+00,-1.061319089962757145e+00,-1.018134359018801199e-01,-7.397253841313807809e-01,-8.559451961595803127e-01,-7.892838692413874924e-01,-6.706426549108075452e-01,-8.471191130216347842e-01,-4.187560778065117506e-01,-3.188566770811450679e-01,-8.983662296053900320e-01,-4.993865092032511166e-01,4.325798997453033645e-01
1.394039996437770879e-01,-8.201772829135517417e-01,3.283592924691954018e-02,2.967798834631558275e-02,-1.406704531762161592e+00,-1.306347142329017830e+00,-9.376123422952012954e-01,-7.762006289092091560e-01,-6.518784256180394365e-01,-1.417255464911548968e+00,-3.041045032209318544e-01,-5.380872427538098135e-01,-4.370630219846668441e-01,-2.367584023656937597e-01,-6.412613676462032286e-01,-1.055317710464984460e+00,-8.563831243248524183e-01,-8.859193266517968457e-01,-6.901304992439828423e-01,-1.050856094322925038e+00,4.679520856406767237e-02,-6.248625935828997502e-01,-1.020794312961944006e-01,-6.381644852050401273e-02,-1.319858002676641107e+00,-1.174549749860820391e+00,-1.085896120635983841e+00,-8.589818266915693057e-01,-5.945011127630849268e-01,-1.509840107299902368e+00
-1.819582923564065036e+00,1.467849349120131208e+00,-1.792209587800368764e+00,-1.365036213243189467e+00,-6.517269714171773920e-01,3.106241149385299827e-01,4.562650185597764280e-02,-9.111354551832738791e-01,8.231506990122269274e-01,2.048551942348334709e+00,-6.449217236729958280e-01,5.106021086656795660e-01,-6.830837464498232814e-01,-6.006499967638242454e-01,2.777467923147079798e+00,2.094798750741627025e+00,1.859105306897230081e+00,2.777170907156686908e-01,5.837190646285229240e-02,1.339961308970602838e+00,-1.572438456080371028e+00,1.048835685079630542e+00,-1.578174166838881343e+00,-1.152259152920664720e+00,1.217318606939675973e+00,3.465310292466843856e-01,3.093469060845605578e-01,-9.835713969987142091e-01,-1.823378306704716012e-01,1.275061808662976137e+00
1.402170537800588423e+00,1.320007628281031131e+00,1.498964059991719111e+00,1.268139072103548592e+00,-3.547691310148161081e-01,2.201383425796511695e+00,1.534405061776366042e+00,1.350140766021667105e+00,1.817429590429666897e+00,9.348109722737514560e-02,2.047322190997612701e+00,8.561614191774756799e-01,2.886391794169391734e+00,1.373944053910247876e+00,-1.444501468268324373e-01,4.033323680241263531e+00,2.005787461964103180e+00,2.304060441899582479e+00,4.012816694714349097e+00,1.374084029638984683e+00,1.634401590115990732e+00,1.260111207435453018e+00,2.108613151705147182e+00,1.364985040632137547e+00,-2.963132507630495405e-01,3.175187171772421824e+00,2.149495758143008750e+00,2.070635412621699700e+00,2.797919747537652935e+00,1.118007924177657708e+00
-1.210769902899148792e-01,-7.310029116137772842e-01,-1.663796842512509644e-01,-2.123169125563729165e-01,-9.148905781660002789e-01,-7.608697589038946330e-01,-7.979055033248415585e-01,-7.356938779419459618e-01,2.222129074961926853e-01,-8.423979863035395699e-01,-8.185122374094723208e-01,-1.286306305995661869e+00,-7.183676617463977676e-01,-5.525408576092665225e-01,-9.035855521394897671e-01,-5.254111872720362841e-01,-6.581597873820397293e-01,-8.841697366311512818e-01,-1.400853598620369067e-01,-5.903071212597716944e-01,-2.902850454482674980e-01,-8.790534564172484133e-01,-2.382604940753817180e-01,-3.639670452296863146e-01,-9.121749235246173759e-01,-2.786148944895973645e-01,-6.692929224848455094e-01,-6.790701962603417075e-01,6.625968976193843396e-01,-3.846612063086570776e-01
1.427652373772362759e+00,1.740065850982600137e+00,1.412527533473917574e+00,1.364034487379672145e+00,4.498212404385525942e-01,7.952385094470340032e-01,1.300090615892804946e+00,1.272020603441945452e+00,3.314743241354718428e-01,-7.730989279384538337e-02,8.275925119938571939e-01,-3.726992305035116693e-01,7.070058479741254676e-01,6.268748225454198186e-01,1.319563596804509686e-01,-6.162864793573683692e-02,2.197531534534497288e-01,1.647890075649170172e-01,-7.624081456215660024e-01,-1.344994104368568144e-01,1.557414124693420332e+00,1.710722282459979926e+00,1.580686564719752329e+00,1.493721783051469743e+00,2.024010657176658956e+00,8.483268791878940673e-01,1.438105399124310457e+00,1.118973381124320543e+00,5.595560770962310082e-01,7.478094821765496336e-01
1.608856540682757297e+00,5.573320842698036293e-01,1.556588411003585692e+00,1.623516199303301155e+00,-1.376232041346399648e-01,5.147726984519546134e-01,4.825095654711331061e-01,1.016091585966964805e+00,1.030747390626857607e+00,-9.645899141235994012e-01,1.956107623698201792e+00,-3.083574149451508845e-02,1.753923115540980016e+00,1.787216394665259278e+00,-6.061120646443365206e-02,3.257535194913346310e-01,5.095967564825804041e-02,8.312237517925933350e-01,-1.964374231394744319e-01,8.065332304062633462e-02,1.975643328745762206e+00,5.123939290980503714e-01,1.895642767182630140e+00,1.996324133592697336e+00,1.634144767913600360e-01,4.569648649480317348e-01,4.164379278723218114e-01,1.039285095073009924e+00,2.615303192754188100e-01,-7.391887771984831379e-02
-7.524602593683200613e-01,-2.405438694650186837e-01,-7.529132570506162914e-01,-7.087167092798367651e-01,-5.187071155468702122e-01,-5.090229082144360762e-01,-6.986368025956770644e-01,-8.748371978229991797e-01,-1.456770861527395322e+00,-4.537336620451137142e-02,-2.623862127506585429e-01,-2.655204069223126573e-01,-1.852422018543200266e-01,-3.632833189968433518e-01,-1.103905773046079813e-01,4.759160204717340775e-02,-3.305384983579406910e-01,-6.500427811411418899e-01,-2.001125577010467171e-01,-1.470709391041554459e-01,-7.397253841313807809e-01,-6.479708538405679619e-01,-7.322917945100098081e-01,-6.828109223449635445e-01,-7.430298162168628151e-01,-4.768791492282735134e-01,-7.266631127282889846e-01,-9.055688246907969141e-01,-1.104949485200859671e+00,-4.199983303178532745e-01
-5.825813528898253768e-01,-6.688851482861647713e-02,-6.265512873317357068e-01,-5.896935762018244986e-01,-8.544923733384010012e-01,-8.715297387522932260e-01,-1.025291296238727279e+00,-1.046648949328299549e+00,-9.323160616588561656e-01,-3.161395698966898982e-01,-5.621922324014367867e-01,-9.366470704211449227e-02,-6.279828376305152116e-01,-4.673431750536179985e-01,6.252723719283936887e-02,-7.895843042257751909e-01,-8.405937713272080281e-01,-1.017774792753167734e+00,-9.230861056160044598e-02,-3.830564915160192263e-01,-5.399741224944414331e-01,2.516007061900817909e-01,-6.168078536069544482e-01,-5.544268833295200594e-01,-1.141569813546993439e-01,-7.590989515761611406e-01,-1.097370158684672692e+00,-9.693194535318452321e-01,-3.966592533072171856e-02,-1.703948353322581599e-01
-2.739680061205599371e-01,-9.023115722686069207e-01,-2.705151185798400637e-01,-3.256991388534369869e-01,-1.369041778866916526e-01,-3.556252809763110756e-01,5.079149770609907300e-02,-3.537730831077510740e-01,4.011054643072744369e-02,-9.536097303999035990e-02,-4.631996787431608142e-01,-7.576190400201275876e-01,-5.023140982180580583e-01,-3.662504024689306470e-01,5.223314257428699481e-01,-2.940579483919797399e-01,-7.329972959947519962e-02,-3.750390406233251595e-01,8.718016894241266135e-01,-1.226462548362609040e-01,-3.048502416092943590e-01,-8.311863458835075935e-01,-2.829542789963042093e-01,-3.521514811994189698e-01,7.055462309828801626e-01,-1.752849897397988077e-01,1.257622973055415871e-01,-2.599404609712382963e-01,1.496434922160594150e+00,1.381038663353318652e-01
-1.437275111537142103e-01,1.291847300502155571e+00,-1.696725043090719087e-01,-2.306498595944553864e-01,-2.275014851280905970e-01,-4.769696726721412428e-01,-4.541183405204127221e-01,-4.584593615815868994e-01,-1.820543340691397338e-01,-2.022789098825428511e-01,-6.046176125406977908e-01,-3.653075874979117010e-01,-5.346979656820374238e-01,-4.289830244502041978e-01,-9.500899643717579668e-01,-7.476179027545091227e-01,-4.628950077070301261e-01,-7.974855037900813182e-01,-8.996131692535881408e-01,-8.460479330059621494e-01,1.362671278389466500e-01,1.667806941981453850e+00,1.828809423606949369e-01,-4.988466406690490046e-02,6.751868527481559301e-01,2.302848864031608322e-01,5.020151283187914704e-01,2.868437787039064268e-01,8.956276763409769526e-01,-2.730407669780197666e-01
-1.092218072325309874e+00,-6.113215185535543217e-01,-1.071493597644798124e+00,-9.408400233158656922e-01,-5.014504855961274821e-01,-4.380478866564976315e-01,-5.708976369365745818e-01,-6.286403218141792815e-01,-5.171226784295960277e-01,6.086311565596743689e-01,-1.016850889560517945e+00,-3.320451939727120383e-01,-9.036323841186855166e-01,-6.939859654143406553e-01,1.074489447035855472e+00,2.800209025034162691e-01,-2.084590826759570859e-01,-1.469561233864542793e-01,2.690796213263148551e-01,7.433524770739425858e-01,-1.124662711244232449e+00,-5.769954830491589304e-01,-1.080543366947534611e+00,-9.163005757192042022e-01,6.318163124128342023e-01,-1.817431087866612227e-01,-4.603698130149723178e-01,-4.728001327506037854e-01,-3.392769265441976101e-01,6.126309601731151355e-01
-1.354680982834584269e+00,6.465064555695785309e-01,-1.353029712588493361e+00,-1.101041775894801678e+00,-2.404439575911474503e-01,-9.075896287373748095e-01,-6.165007710278912478e-01,-9.327039849190893461e-01,-4.333555923394821763e-01,4.170119970236702556e-01,-3.560755938915266539e-01,1.249766409225671726e+00,-3.563450239774347827e-01,-4.707341275931463120e-01,1.293911673765571146e+00,-3.925175826130271051e-01,2.222445701000209384e-01,1.472931073584623773e-01,2.084596094742893868e+00,2.882631393177303991e-01,-1.329615828652966902e+00,-8.016788750929515484e-02,-1.327109079732758712e+00,-1.024933224116886921e+00,-9.208490315916819657e-01,-1.096341928203316440e+00,-9.306619475355998317e-01,-1.356880367808314336e+00,-7.450992350661551633e-01,-5.574204792425072608e-01
-8.657128636873167027e-01,-4.846000435486113034e-01,-8.492282437418805507e-01,-8.119453033711935275e-01,1.700926911867385094e+00,6.640898699723651877e-02,-6.080604119557414533e-01,-1.472938655148838538e-01,5.208607796435548165e-01,2.360974485070079343e+00,-7.923499196569280256e-01,-3.191098187129119412e-01,-7.444680922397542977e-01,-5.885697283417546943e-01,1.844104719893812527e+00,-1.159697575331454927e-01,-4.616492993837446046e-01,1.520647165056773220e-01,1.992520646564467091e-01,1.613661447384362235e+00,-9.457188726944744106e-01,-7.915721854417910874e-01,-9.305642229175928870e-01,-8.215997117751201451e-01,1.503564173152798666e+00,-3.205926682942030759e-01,-7.123205651674281436e-01,-2.918157753917623998e-01,-1.981902645971105881e-01,1.847186673573778970e+00
-9.789654680063133441e-01,-9.468987579184939829e-01,-1.003990786459467710e+00,-8.596109656702078938e-01,-5.625677166716740452e-01,-1.156192997258863153e+00,-1.119898903151928415e+00,-1.269909535179032822e+00,4.261675518895133297e-01,-4.175033282019671721e-01,-2.514263228813492512e-01,1.334770303790071111e+00,-3.399114195927289139e-01,-3.834170997002926407e-01,5.645783917848601341e-01,-8.320887364851343726e-01,-1.022218044862240882e+00,-1.891774534884690828e+00,1.479423936937367623e+00,-1.012351297947656104e+00,-9.769300073252462635e-01,-1.045763048276139751e+00,-1.016952209878839053e+00,-8.265375594295603090e-01,-1.037949490497050098e+00,-1.193665782239533124e+00,-1.312795223048802695e+00,-1.749804916722852210e+00,-3.091573020835833852e-01,-1.246774850786994016e+00
-6.448702852652736794e-01,-1.138223944600764703e-01,-5.742777689138269803e-01,-6.029497071370533146e-01,1.089754601111920795e+00,9.154381427306393926e-01,4.144827908597767396e-01,9.311633178432691949e-02,1.784651165437882714e+00,2.115202084795641646e+00,2.845476462113154525e-01,-3.191098187129119412e-01,2.980991035782074028e-01,1.968238343613380736e-02,-4.709635200350805739e-01,4.575710625741571946e-01,2.873328299916906303e-01,-2.312545516539170898e-01,2.641794419108856595e-01,6.632538801365823744e-01,1.217019316779197752e-01,4.265632481409975529e-01,3.688550809578228229e-01,2.065601671081129451e-02,1.395137822314495679e+00,2.097327102851085368e+00,2.012763471396135539e+00,6.193891262641822992e-01,2.942176896270067399e+00,3.159708422486796398e+00
-1.021435194625937237e+00,2.358350087943021367e-01,-9.566564981282905666e-01,-9.030459478835111131e-01,1.183228013345109186e+00,5.090489063908306688e-01,-3.040815098498100832e-01,-4.629308860390120572e-01,4.043152685616578923e-01,2.091596826012220411e+00,-2.418806123500155947e-01,1.214656104949072279e+00,-3.950123284120369838e-01,-4.272875481804399578e-01,1.601757782908753924e+00,6.367353150091780156e-01,4.075436831887460087e-01,5.640136395485608745e-01,2.813300698648886211e-01,1.067338730156897064e+00,-1.055998215056534573e+00,-4.598035917424135866e-01,-1.034349790586312379e+00,-8.863207863886748417e-01,-6.644938698584473835e-02,-3.089680540098507788e-01,-6.936752533383089281e-01,-8.094831413173900758e-01,-8.275318914846775398e-01,3.585402113450825157e-01
-4.098711313033558956e-01,-4.423595518802971860e-01,-4.376257365142558475e-01,-4.639013549866740638e-01,5.073433402743615650e-01,-5.147467002755600207e-01,-7.176591043851489049e-01,-7.157035333087513607e-01,-3.787248840198426114e-01,-4.050064264930974267e-01,-6.788620277844046313e-01,-4.660187234492104702e-01,-6.245994484924874968e-01,-4.760324909361592916e-01,-5.897372716048061847e-02,-8.673835561840452790e-01,-6.083314544506177590e-01,-8.620612809157225387e-01,-4.302465222997959833e-04,-7.314674288668683300e-01,-5.254089263334145166e-01,-7.321509447792156067e-01,-5.520168633860197405e-01,-5.336173825000938287e-01,2.978631518308568205e-01,-8.495126182322348951e-01,-8.251486059795335448e-01,-8.913168812239279371e-01,-3.440326567221896892e-01,-8.406783780463851219e-01
-8.600502334713669983e-01,-1.050153293107706221e+00,-8.920349044935538263e-01,-7.944584923502533425e-01,3.491575657258880749e-01,-8.812601852562040872e-01,-8.222187764729745885e-01,-5.905008485008471641e-01,-8.922535422244541881e-01,5.461466480153246428e-01,-6.884077383157383156e-01,1.113021013622073063e+00,-7.159509552192351300e-01,-4.448781144792430808e-01,2.610445034143863641e+00,-2.381027464302916674e-01,-5.697144964287658153e-01,6.260445584623541837e-01,1.255240728681474405e+00,3.464513577206556061e-01,-1.016464111190890307e+00,-1.438603472656496685e+00,-1.052647246157965233e+00,-8.473470602589865397e-01,-4.307619258025469078e-01,-1.100087637250496631e+00,-1.124525382066569268e+00,-1.089924609536424560e+00,-1.590033963356011659e+00,-6.022930176668837010e-01
-8.713754939032669622e-01,-9.985260255131003237e-01,-8.731011891610827025e-01,-7.944584923502533425e-01,-1.141383846269495628e+00,-6.263606454674791602e-01,-6.731897498706882477e-01,-7.243835513731647913e-01,6.993210934877112095e-01,-4.120773230155446581e-02,-8.407855619825843618e-01,-3.172619079615121573e-01,-7.623517205407578379e-01,-6.017096694324268746e-01,-5.544749645366886526e-01,-3.553934582345994464e-01,-4.856291846069913931e-01,-7.847612127308416508e-01,-2.172631856550492346e-01,-6.750751431306999395e-01,-8.624891803457497286e-01,-7.767168752761474115e-01,-8.210794477757351606e-01,-7.581130990751755450e-01,-9.555454638599389927e-01,-3.522374516238290232e-01,-5.703293443149055619e-01,-7.147766782794865437e-01,4.707824471070529149e-01,-6.168765926548059886e-01
-4.778226938947538471e-01,-5.127603713274876407e-01,-5.467004009295766132e-01,-4.994390677066491979e-01,-1.450565132886965536e+00,-1.317985519519970117e+00,-9.508397706918538805e-01,-8.230201202869547039e-01,-1.234605981027528276e+00,-9.923608068099765145e-01,-8.561379550373726666e-02,1.842945760425066082e+00,-1.794421061891296743e-01,-1.888611977448565182e-01,1.204940045527791576e-01,-7.987308276233588966e-01,-7.120678150722216104e-01,-1.103737865911404298e-01,1.685231472385400942e+00,-3.087048791122812830e-01,-6.939490533395821226e-01,-8.790534564172484133e-01,-7.601879152995787425e-01,-6.367831281375037067e-01,-2.057590893780462782e+00,-1.327930077223802741e+00,-1.205847626736650247e+00,-1.315810251151100507e+00,-1.591619206748675852e+00,-1.376905212217686580e+00
1.677171507235266090e-01,5.643721662145229079e-01,1.509658488212474448e-01,7.114361222521770577e-03,1.291081950537249945e+00,6.273406089873948543e-01,5.089644222644382765e-01,8.666900629188775129e-01,7.867302267991339582e-01,6.697271204697037295e-01,7.277429034950390341e-02,-9.736052854491446251e-02,-5.957346244186299128e-02,3.963408675666837662e-04,-1.090585688650933971e+00,1.568118520300838259e-01,-2.212275929896339588e-01,1.313877435344129319e-01,-2.944410114480619511e-01,1.032820746417638519e-01,3.401798740933222320e-01,8.524154728894517419e-01,2.578705143756658269e-01,1.913644641928844148e-01,2.284702872943426000e-01,1.138296424392016393e+00,4.020953803114609149e-01,1.060739633625286116e+00,1.257063169868345875e+00,1.432115693148294344e+00
2.130181924511247715e-01,2.405283967574480541e-01,1.744271917332223532e-01,7.480524259390321229e-02,9.058150446671329320e-03,-3.848166204880438257e-01,-2.602420328780470915e-01,3.235620533343226690e-02,-1.179975272707888712e+00,-7.327029601923484847e-01,-6.000215296922778441e-01,8.007240966354762790e-01,-6.100992093295115604e-01,-3.863841831723798803e-01,-5.155029571026050750e-01,-6.416258375001576697e-01,-3.517155398537950006e-01,-1.016999449962815820e-02,-1.204846422003194167e-01,-7.214102059330295136e-01,-4.683819532824744919e-02,4.859844888035725341e-01,-9.608026553499665612e-02,-1.646896220326380389e-01,-4.307619258025469078e-01,-7.358497230074563245e-01,-5.000508612666872965e-01,-1.912859376039555415e-01,-8.497252989819722435e-01,-1.002780423104446150e+00
7.169922816706590929e-01,5.150915926014895119e-01,7.457314717651652991e-01,7.057406660429877965e-01,1.176037750865633891e+00,8.028702321951991516e-01,8.012276020761915918e-01,1.142083363326179324e+00,6.701847157172369229e-01,7.543001698122919763e-02,1.431093544474845825e+00,-5.561967681175297162e-01,1.255114888334611711e+00,1.325199111154528486e+00,-3.081980772221423748e-01,-3.666921047845556059e-01,-1.685964163308195651e-01,-9.446842276709095654e-02,-7.219816654442736681e-01,-3.661747244485037966e-01,2.127537517282184876e+00,9.943662144722698049e-01,2.096614820182751693e+00,2.359608639597935653e+00,2.123762899947899019e+00,6.784783482554125333e-01,9.318134702259218693e-01,1.460713530921285752e+00,1.122317481491914570e+00,6.603080322490155751e-01
5.697638960559637811e-01,3.508230138913791540e-01,6.675269953919164001e-01,4.073366973308144567e-01,1.528360612359960014e+00,1.880851070373564138e+00,1.049399353899102882e+00,1.434047607310997785e+00,1.285690696118508836e+00,1.500076811792384390e+00,5.910710177174768321e-01,-2.396496564027129073e-01,4.812854583371352635e-01,2.990120988797773660e-01,1.209287463108399928e-02,-3.365104695489281456e-02,-2.938851120365972361e-02,1.711511530945368509e-01,-4.512467527418015933e-01,1.154944167757112061e-01,9.831292474872204146e-01,9.811614943250311915e-01,8.907825021820202638e-01,7.724433220993215388e-01,2.054370035411384521e+00,1.101485145824900869e+00,9.743630279898091162e-01,1.426999256053424148e+00,1.269745117009656532e+00,1.701350923694554318e+00
-3.532448291438578525e-01,-6.981491958717550572e-01,-3.911146531975344121e-01,-4.010052443790986243e-01,-1.074241017208403259e-01,-7.904426845530356793e-01,-6.285944198476879352e-01,-8.451147117236438300e-01,7.248154240368764878e-01,-7.035435228716530043e-01,-5.922435433334133359e-01,3.014531330168454190e-02,-6.342662746011380470e-01,-4.626806153117666298e-01,-4.817708834411710273e-01,-2.074349915089817864e-01,-2.159333326156703814e-01,-8.849650048223538512e-01,6.561937951452349038e-01,-5.974908519267995155e-01,-4.858748224677704175e-01,-3.129010801043807244e-01,-5.349192409666065906e-01,-4.928801393509626982e-01,-2.572797644612607182e-01,-4.646087230392350609e-01,-3.604500650076416512e-01,-8.640389679217487240e-01,1.108050290957939277e+00,-7.430806069733655317e-01
-1.317307623409315509e+00,4.282639152832888318e-01,-1.307753436793454460e+00,-1.085811327586241104e+00,6.223875399459786184e-01,-4.939502557868093446e-01,-8.462800986040283080e-01,-8.743111361221257427e-01,-3.423044118067495312e-01,8.655119139086628888e-01,-5.901222743264502579e-01,1.493690628410469401e+00,-5.791653657818299772e-01,-5.483021669348561167e-01,1.156363412233510468e+00,-4.350220148723862867e-01,-4.884320283343838720e-01,-4.073269291861457697e-01,2.715297110340298414e-01,1.496171374440934954e-01,-1.212053888210393282e+00,9.943662144722698049e-01,-1.202026473611787383e+00,-9.633864801383298371e-01,1.009140013330132035e+00,-5.576056373140537703e-01,-8.628216975727280857e-01,-7.510961471144106394e-01,-4.283641211604916066e-02,4.623079564514530615e-01
2.160962986737865243e+00,4.235705273201421095e-01,2.281008823724206103e+00,2.359654534217074051e+00,-1.246807316715831254e-01,1.764467298464041711e+00,1.645263509291168935e+00,1.591866117573061734e+00,-3.277362229215119438e-01,-1.134120532861353364e-01,2.704562038321665973e+00,2.759174432378820319e-01,2.904275422470395718e+00,2.473884283919739691e+00,-4.264240829675562949e-01,1.289366660966174472e+00,9.488039496563163144e-01,5.910527580494451261e-01,-1.633612120853263072e-01,2.850304605175677519e-01,2.487505936690419084e+00,4.364667882514265407e-01,2.663535984615931884e+00,2.657643015883786486e+00,-1.878868999247452765e-01,1.419224602930531320e+00,1.463443899815164428e+00,1.071466902901424101e+00,-1.141723647859245461e-01,2.643078806538914360e-01
-2.711366910125850849e-01,3.179692981493569270e-01,-3.219654319832931932e-01,-3.262632295315316400e-01,-1.610188959931333708e+00,-9.705513414097395319e-01,-8.931429877807405271e-01,-9.395427870304453588e-01,-3.568726006919861748e-01,-5.383067113877076926e-01,-2.768815509649060758e-01,4.995146441572796969e-01,-2.572600563637665871e-01,-2.967358754086005246e-01,2.662296626046051218e-01,-2.752268708087193261e-01,-6.045943294807611945e-01,-1.006800091714573409e+00,3.509605423956291964e-02,-4.020933777836430134e-01,-3.610302839446834500e-01,4.826833087667628530e-01,-3.543443515545563471e-01,-4.032934747632632155e-01,-8.557932210886993740e-01,-5.692302515984061229e-01,-9.447654526371130901e-01,-1.106934993674300483e+00,-3.456179001148533825e-01,-5.372278369515378627e-01
-9.081825903069404848e-01,-1.603973072758936302e+00,-9.360763727669093592e-01,-8.198425728645214461e-01,-7.595809086093171514e-01,-1.076250701471830551e+00,-9.641931745970461209e-01,-9.098203009310900091e-01,-1.318373067117641906e+00,-3.397448286801100781e-01,-8.015420853537679191e-01,-3.246535509671121256e-01,-7.691184988168132675e-01,-6.142138069219373886e-01,-1.149862439454035989e+00,-7.223304557141307924e-01,-6.883682142217141253e-01,-3.977837108917158249e-01,1.082509404287589128e+00,-1.409647680371817757e-01,-1.012302626573454267e+00,-1.768721476337469234e+00,-1.040348956347510123e+00,-8.549301834425910851e-01,-1.665954914552508104e+00,-1.147490231054466570e+00,-1.174915532497060378e+00,-1.260334944323072692e+00,-1.207990305724012892e+00,-9.781005269710383310e-01
-5.287863658383021859e-01,7.638411546482288816e-01,-5.639877062331363211e-01,-5.298999643237708446e-01,-9.939834654402360803e-01,-9.848608215625497264e-01,-9.039768815151416614e-01,-9.382276327782617109e-01,-9.723785810932580320e-01,-4.161147835676478612e-01,-6.297192957897606025e-01,-1.176875468103140698e-01,-6.192826941327297385e-01,-4.669193059861769801e-01,-6.199741366948128274e-01,-7.309389483236213847e-01,-7.291651618093157872e-01,-1.167921427252195388e+00,-5.504753859042459396e-01,-5.105677108557629129e-01,-4.296947801323813265e-01,1.065341585263678725e+00,-4.308337150098269785e-01,-4.480868070571129569e-01,-2.572797644612607182e-01,-4.671919706579799048e-01,-7.247507730535074355e-01,-7.789870472323693340e-01,3.090876210553357151e-01,-1.030860276956927502e-01
-3.872206104395565784e-01,-5.831611907746779844e-01,-3.857638206035748918e-01,-4.529015867638244708e-01,1.204798800783537738e+00,1.541737986011386674e-01,-6.311139300184789303e-01,-4.821321381208964474e-01,1.125440618380899149e+00,4.822735948366566050e-01,-6.581528477208212213e-02,-3.690034090007117129e-01,-1.755753757456694486e-01,-2.426925693098682391e-01,1.702733753929534799e-01,-5.393999877624582329e-01,-4.065267060783591124e-01,-4.286401167103719434e-01,-3.091415496943498709e-01,-6.876827483355230086e-02,-3.714339954882741601e-01,-6.265131836013049238e-01,-4.041374273724973598e-01,-4.459705866337813629e-01,6.925350688822838885e-01,-3.541748873378877116e-01,-6.324803837453025768e-01,-5.169351834867143003e-01,2.631155626680825033e-01,9.547495483217341428e-02
1.309100543198525313e-01,-1.296556161172872201e+00,9.910393291056709963e-02,1.247322266442273640e-02,1.852195811938349701e-01,-2.754921921205742419e-01,-8.412827193975772055e-02,-1.259883666295052718e-01,-2.621793729379446325e-01,-8.826657806987864285e-01,5.120805544537954113e-02,-1.069915957006724261e+00,-1.436748495871227327e-01,-6.276015018114795840e-02,-6.668060447878715324e-01,-4.043542599510764335e-01,-7.703685456933190290e-02,-5.162786713808852346e-01,-6.350034808204026993e-01,-5.529517217912270910e-01,1.092174778256113366e-01,-1.369278691883492938e+00,4.190054697254960020e-02,-2.642988770831434381e-02,-4.004025475678215096e-01,-3.871112944768859698e-01,-1.214076056599605602e-01,-3.420806942856658983e-01,-4.423177470673509970e-01,-7.509333011976314642e-01
-5.231237356223524815e-01,2.530901722772703089e+00,-5.952694967824360139e-01,-5.330024630532925745e-01,-1.348463405678405280e+00,-1.328669931367401524e+00,-1.119898903151928415e+00,-1.269909535179032822e+00,-4.005771673476980488e-01,-4.383314977167497295e-01,1.537360574485938935e-01,4.516872617700837367e+00,1.244439206758360394e-02,-1.047231878578105818e-01,1.145990790585480618e-01,-9.357672693506853268e-01,-1.022218044862240882e+00,-1.891774534884690828e+00,1.327518375059057565e+00,-2.458472357757879589e-01,-5.795082263600859207e-01,2.065599136417024972e+00,-6.606017636636977164e-01,-5.609518963014588078e-01,-1.618247320183654248e+00,-1.295574900799021822e+00,-1.312795223048802695e+00,-1.749804916722852210e+00,-7.863155632754164071e-01,-9.220098539405674476e-01
-5.542682018100764108e-01,-2.710508912254675495e-01,-5.594600786536324533e-01,-5.614890422970821859e-01,-3.504549735271301758e-01,-4.815487063210403540e-01,-7.525543202506039808e-01,-8.682614265620798299e-01,-1.263742358798002341e+00,1.155696380256117199e-02,-6.456288133419834097e-01,-2.344409848891515838e-02,-5.704652222840443931e-01,-5.046436529884292810e-01,-6.805608709410776447e-01,-4.829067550126769914e-01,-5.871544129547634494e-01,-1.070898707925493243e+00,-7.391322933982764631e-01,-7.048876253988655138e-01,-6.023963917559850278e-01,3.852984976808760398e-01,-5.481174056412413398e-01,-5.812323420250522510e-01,-4.654583580708040458e-01,-1.604313159320152615e-01,-5.382976547623162800e-01,-8.778311712767831176e-01,-7.910712934534079865e-01,-3.689558178601251015e-01
4.313928597263008702e-02,7.896547884455318300e-01,7.770060253473019818e-02,-6.931992565932983130e-02,5.792459650691220707e-01,2.247672340216689546e-01,7.231227867816715227e-01,3.448368556523191408e-01,4.188834574468945360e-01,-4.077835157617349937e-01,-7.046708007024551357e-01,1.198024908186472226e+00,-4.655801590051859562e-01,-4.563225793001510766e-01,-2.869108462707520846e-01,1.046747766874575082e-02,4.243607455531008266e-01,1.377498890640327656e-01,-7.428074279598485541e-01,-2.315158509792568028e-02,-1.966516415559523834e-01,1.441676109459988142e+00,-8.408193401260156963e-02,-2.622121132078308325e-01,2.805149356967288621e-01,1.327672887955383407e-01,7.114163227073601048e-01,3.374151910056994996e-01,-3.281802227955507023e-01,-2.007183161059614487e-02
2.668131795026484898e-01,1.513540254576731803e-01,3.464770397543692204e-01,1.444704413386167230e-01,5.864362275485983655e-01,9.860315781511691524e-01,1.021684742020402270e+00,1.048707411421125002e+00,1.602981047339342990e-01,1.155696380256117199e-02,2.643955906451664895e-01,-4.403327640047506875e-01,4.097509451331211583e-01,1.498101871405322638e-01,7.404436690294229351e-01,6.195183297901970532e-01,4.934975574954487132e-01,1.052308308946882098e+00,-6.852303198285535357e-01,-1.079196069688538040e-01,4.150865972071743348e-01,-2.155162690184939112e-01,4.918379790623748637e-01,2.610233864608791365e-01,1.022151175430728198e+00,1.082110788684313540e+00,1.174680608923165837e+00,1.491362871710251392e+00,-1.125871213932608250e-01,-8.569791905624729589e-02
3.709692350800142258e+00,6.300795976985673619e-01,3.713385548876339648e+00,4.500378657587011944e+00,9.819006639197800368e-01,1.674794556173097915e+00,2.496857947018519486e+00,3.669809836023571581e+00,-4.001449243807746192e-02,-7.021549782373337489e-01,1.534682180981541633e+00,5.142979301684795779e-01,1.431534464817484364e+00,1.878348244165082059e+00,-7.722597119624512452e-01,-1.428193858353928904e-02,-5.399125058854924858e-02,8.208111567985909574e-02,-5.909018660815382740e-01,-3.855707972494790137e-01,3.513311894888449860e+00,1.207292326846497454e+00,3.410432121885041745e+00,4.124889176060283269e+00,6.795239067816876144e-01,9.729685767923385020e-01,1.240178242784430562e+00,2.369466485314113413e+00,-7.771176675465454875e-02,-1.709557420625626434e-01
-3.192690478481585714e-01,-1.162794604223210682e+00,-3.211422269688380959e-01,-3.950822922591030184e-01,-8.082013054677929242e-02,-7.573184918734433835e-02,-6.490024522310948729e-01,-7.180708109626822155e-01,-5.790374811918533871e-01,1.336228544942758223e+00,-7.799758504496435707e-01,-1.037577518857224712e+00,-9.359195833215784299e-01,-5.438515417267252294e-01,-5.757621954880789428e-01,-1.391050814211511333e-01,-5.274554226526364381e-02,-7.282971711554656613e-01,-5.124989954346687027e-01,6.754662222705296593e-01,-5.233281840246964967e-01,-1.423748162490853009e+00,-5.916113574099245431e-01,-5.307957552689851477e-01,-7.517039242839274049e-01,-3.567581349566325555e-01,-6.195720909405278976e-01,-8.533116986456107389e-01,-7.498549652441468538e-01,9.553449723892922796e-01
-2.399922248248612111e-01,-1.038419823199841385e+00,-2.939764614918149999e-01,-2.895973354553666446e-01,-1.595808434972381118e+00,-1.012525816524649347e+00,-7.090927698044596772e-01,-5.734038432224568549e-01,-1.547822042060128078e+00,-1.329777152949460639e+00,1.302521332004465994e-02,-9.181679629071430593e-02,-7.600706682656882540e-02,-7.886717474390732285e-02,-8.213840910810442653e-01,-8.207900899351781021e-01,-5.993000691067974506e-01,-1.708141691225287528e-01,-1.210774562133352772e+00,-8.568235290065037146e-01,2.598778547688620696e-02,-5.258271924786078744e-01,-7.808276825140381128e-02,-8.180432211882152083e-02,-1.341543272844301971e+00,-8.327215087103926328e-01,-6.673805828100639603e-01,-2.158054102351280312e-01,-1.391878539273024851e+00,-1.223216768114196329e+00
1.993915395367345189e+00,9.046427935426087918e-01,1.865290291424304137e+00,2.114275089245816641e+00,-1.052670229769973459e-01,-2.707961666778987281e-02,2.620524255269225944e-01,1.000572765791195140e+00,-1.529179562986655028e-01,-1.385318938322214866e+00,1.024163439972433531e+00,-1.398624758271138635e-01,6.983057044763399945e-01,1.142723477621161887e+00,-7.404926134657608960e-01,-7.018852857665909273e-01,-4.881206012535624916e-01,-2.407977699483467293e-01,-1.193623934179349977e+00,-6.585525625965359398e-01,2.691418682944794583e+00,1.659553991889429980e+00,2.426568937048623642e+00,3.065015447375097679e+00,3.715930704009039465e-01,4.687430547226836830e-02,1.955626954350644653e-01,1.328921365528734189e+00,-1.316100421052272540e-01,-4.828198841119811791e-01
-7.011331834636652660e-02,3.555164018545250992e-01,-8.694040035631971086e-02,-1.962403282306700303e-01,2.586914215143402279e-03,-3.471133941595524325e-02,-6.553012276580721940e-01,-6.467894504943166867e-01,-6.955829922737513105e-01,5.725289960673825007e-01,-4.596642303982224065e-01,-2.876953359391124510e-01,-3.780953827218984653e-01,-3.592565628561534830e-01,-2.263241120244875448e-01,-2.106631762375407724e-01,-2.078362285143143251e-01,-4.505895187875604835e-01,-6.950306786594122599e-01,-7.954387083409389381e-02,-2.465894569651868595e-01,-1.296855880614411483e-01,-2.379605357873216809e-01,-3.322237388797140145e-01,-2.225833321930023867e-01,-3.167177968660856990e-01,-6.544722900052892811e-01,-7.008312282205073629e-01,-1.039954506101639975e+00,5.901601736236747331e-02
-7.011331834636652660e-02,-6.981491958717550572e-01,-1.383907137597727988e-01,-1.711382930554491422e-01,-5.978000028211070127e-01,-9.291492455009422446e-01,-9.306836893255260312e-01,-7.207011194670499554e-01,-1.409424247650374662e+00,-5.452494345593021929e-01,-5.222416661036324292e-01,2.962444615032815975e-01,-5.419480852635252255e-01,-4.096969818816369457e-01,-4.424713801462968332e-01,-9.521234053087171967e-01,-8.585942565986841579e-01,-9.307724526356165873e-01,-6.288782565511157330e-01,-6.226339092613969450e-01,-2.341050031128784348e-01,7.313383466162140696e-03,-3.108503997858735879e-01,-3.219953401669452542e-01,-7.039963299150734377e-01,-9.812582467882281501e-01,-1.060127343518303844e+00,-8.983662296053900320e-01,-8.608220027306195954e-01,-7.144743637278255788e-01
1.710783884569853974e+00,1.114602277709324796e-01,1.614212762015453384e+00,1.747616148484167020e+00,-1.117655980087224998e+00,-3.430329384418382421e-01,3.351182204798609510e-01,7.622668152954783505e-01,4.261675518895133297e-01,-1.638034061768248506e+00,6.734469641545420826e-01,-9.542367439690854214e-01,4.880522366131905820e-01,7.370807800800892595e-01,-8.033718187375600284e-01,-6.389356835596918804e-01,-1.984934160896726918e-01,9.162433397428899895e-02,1.661758536022985844e-01,-8.015088028703896139e-01,1.420085132318024579e+00,-4.135870712270772187e-01,1.292726608182263481e+00,1.375566142748795073e+00,-1.133364679234758032e+00,-6.396237492092063937e-01,-6.690592492868931151e-02,4.339606144909408658e-01,2.377516683854603297e-01,-1.376344305487381625e+00
-1.493901413696639147e-01,-3.156380768753550004e-01,-2.322360854076712944e-01,-2.314959956115978656e-01,-1.169425869939452411e+00,-1.203891264434897135e+00,-8.683258125984493203e-01,-9.442773423383072906e-01,-8.667592116752887987e-01,-1.049291136817050107e+00,-5.091605072273603927e-01,-6.779395652251474225e-02,-5.680485157568817556e-01,-3.783306708910001981e-01,-1.063731028066102979e+00,-1.095508610335542921e+00,-6.905482037874638435e-01,-1.089507983599631080e+00,-8.738872273225839482e-01,-9.678121678120835680e-01,-1.529560530728717449e-01,9.314406442321548907e-02,-2.457594512768787876e-01,-2.431661293978473193e-01,-1.150712895368886768e+00,-1.139998812960106189e+00,-8.060252092317190531e-01,-9.552207567689210421e-01,-9.036235743325444769e-01,-1.191245084486827421e+00
-4.721600636788041427e-01,-8.178305889319787969e-01,-3.832942055602096554e-01,-5.000031583847440730e-01,2.304908960143372099e+00,1.266497389146248542e+00,8.679946216021524608e-01,8.577470140040274194e-01,1.005253060077692107e+00,1.856932782812332761e+00,-2.386987088395709777e-01,-5.774477417586293404e-01,-3.099442586559120749e-01,-2.729992076319023853e-01,1.706008712537441518e-01,4.204469381957297025e-01,1.213421959138916151e-01,-8.333466809025617816e-02,1.318745976942927167e-01,4.531297581260185225e-01,-1.591982799990259712e-01,-2.947445899019273674e-01,-1.110781799379908230e-01,-2.387573368492400538e-01,2.063044143478449222e+00,1.757630040986122300e+00,1.247349516564860705e+00,9.182201989565963451e-01,1.712028023562884194e+00,2.273475788605357373e+00
-1.463120351470023728e+00,-8.037504250425405727e-01,-1.364142980283639117e+00,-1.154066299635717163e+00,-8.082013054677929242e-02,3.945730651683493351e-01,4.701223244991267064e-02,-6.628343323709597890e-01,-1.842827866986181284e+00,1.232087697368843493e+00,-3.140037585867594960e-01,-4.135380581094510455e-01,2.038475490188644268e-01,-4.902321046954339900e-01,3.720656002224066672e+00,2.257822079533852389e+00,1.862531004786265321e+00,1.779183435705946836e+00,4.001594206890505268e-01,6.395475689353905535e-01,-1.419295822158717968e+00,-1.397338722196375338e+00,-1.312711081905884258e+00,-1.070431963218513971e+00,-5.912329250432368788e-01,-4.187560778065117506e-01,-5.746321085831637143e-01,-1.160418093351045066e+00,-1.986344811521985498e+00,-3.728821649722580678e-01
1.283255303265641745e+00,-3.719587324331067868e-01,1.309626906667011426e+00,1.189166377170270072e+00,1.017851976317160290e+00,1.239786359527669246e+00,1.366857635418765815e+00,1.384071745728010949e+00,3.496845602420183274e-01,-3.147510252623705873e-01,8.021372839103005914e-01,-9.967386912512850028e-01,6.934722914220148304e-01,6.673543184860387667e-01,-2.276340954676499273e-01,7.696289196681872502e-01,7.074479620197414720e-01,8.041846332917090834e-01,4.540613942587734542e-01,-1.025318089685829936e-01,1.370147316908790103e+00,-6.958379643743087817e-01,1.304724939704658970e+00,1.216849610998933517e+00,1.577294091722845737e+00,1.654945948141009815e+00,2.198738504768631419e+00,1.894401703085148325e+00,1.417172752527399382e+00,4.477243814635308850e-01
-1.324022507218143019e-01,-1.413890860251522552e+00,-1.647332742223407975e-01,-2.410855371392101598e-01,5.148069907558050495e-02,-3.149863573423301033e-01,-6.301061259501625766e-01,-5.957614655095826439e-01,-1.642515269814169621e+00,9.486964186169347113e-02,-6.781549381154169387e-01,-1.421203790847860748e+00,-7.091841769431798115e-01,-4.804831161442901788e-01,-9.353526506361798942e-01,-4.673038621579755358e-01,-5.077405073453098439e-01,-8.326363578412308009e-01,-8.408110162684357958e-01,-3.898810356496956175e-01,-1.862479300123616455e-01,-1.516181203521525189e+00,-2.217627882320881982e-01,-3.011858393375188570e-01,-1.874179261699135401e-02,-3.449799451819806489e-02,-4.718438510636609462e-01,-5.152494697433209758e-01,-8.322876216626695633e-01,1.857809384112315276e-01
4.225355104412683582e-01,4.575279628688799088e-02,3.341289645375405959e-01,2.939544710337507194e-01,-1.247080704717793420e+00,-9.054909049816293187e-01,-5.896679877089673338e-01,-5.210607039855389422e-01,-9.614524394293303411e-01,-1.156209073659602460e+00,-6.088601505546238357e-01,-3.767646341565913937e-01,-6.400663702663282884e-01,-3.791784090258822348e-01,-1.363389740689520346e+00,-8.893890154170552842e-01,-6.139371419054027168e-01,-1.068831010628366718e+00,-1.279377073949363730e+00,-8.891503170081288543e-01,3.485028433281944782e-01,1.012522704674723828e+00,2.638696801368635714e-01,1.968313669531574495e-01,-1.003253058228793071e+00,-4.652545349439212163e-01,-2.323233067972845234e-01,-4.367871573235692639e-01,-3.519588736855091549e-01,-8.737718751343624968e-01
-7.496289442603452091e-01,-7.403896875400690636e-01,-7.763745999625911720e-01,-7.098448906360266264e-01,-3.583642622545547551e-01,-8.539767764315127074e-01,-7.940002625601154662e-01,-6.591519004648449531e-01,-6.445943311754216420e-01,1.337488916226219904e-01,-8.178051477404847391e-01,-8.152738554638069290e-01,-8.546699098783704374e-01,-5.896294010103572125e-01,7.211214132427763435e-01,-9.193573303138441455e-01,-7.294765888901373341e-01,-8.873508093959612264e-01,-3.703937923872169802e-01,-2.914639255114145899e-01,-7.750980033795887847e-01,-7.833192353497666627e-01,-8.228791975040945506e-01,-7.075001606171641422e-01,9.354100947600860749e-01,-9.089273134633691908e-01,-8.431724074143487346e-01,-7.463454992921211284e-01,-8.563798371797404219e-02,2.110217412749437471e-01
8.560901259225388304e-02,-6.207082944798462121e-01,9.334149780938033603e-02,-3.716675700792339276e-02,1.269784551100786307e-01,1.961482737160486212e-01,-1.112130062757607230e-01,-1.591302537845388221e-01,3.678947963485648676e-01,1.892906769953762169e-01,-1.870811630034699968e-01,-7.984578676260671859e-01,-8.760725815694950236e-02,-1.680916134402456741e-01,-7.899444884451445326e-01,2.633419480725285866e-01,1.736619454918844063e-01,8.526218844466915137e-02,-2.258384996320506877e-01,-1.607200273715082561e-01,9.049079704714831085e-02,-6.644767540246162563e-01,1.288884505099159861e-01,-2.625353600637001308e-02,-9.247171118703849391e-02,5.447952839853605900e-01,4.824136466522816469e-01,4.171034770570100081e-01,2.345811816001328876e-01,2.115826480052482306e-01
1.592232053996015528e-01,2.217548449048635795e-01,1.176260457358097450e-01,8.495887479961049260e-02,2.103854998720003366e-01,-6.032746841542789840e-01,-1.883100175019646327e-01,1.133697072679584611e-01,-8.194125977982680276e-01,-4.910961938208663335e-01,2.499002524309189843e-01,6.895143908108397612e-02,1.627635380570995882e-01,1.129335782731619719e-01,-4.162717112830471300e-01,-7.540742722116270391e-01,-3.999867373811099580e-01,-1.278696867975950557e-01,-7.930342669679996126e-01,-6.233522823280996938e-01,5.898689511394961116e-01,8.821260932207392047e-01,4.888383961817762136e-01,4.603008096579274122e-01,6.448274745134304764e-01,-4.239225730440018269e-01,8.034423002948215542e-02,7.159345497494237209e-01,1.965353401761991692e-01,-9.579424020173203658e-02
-5.854126679978002290e-01,-1.068926844960290223e+00,-5.697501413343231125e-01,-5.784117626399275514e-01,5.289141277127893392e-01,-2.422941981660546029e-01,-2.894683508592222898e-01,-5.468377273283426820e-01,-4.952703951017395356e-01,-3.230822930682843985e-01,-4.893619964957052204e-01,-8.745917905837461426e-01,-4.882972003605147160e-01,-4.281352863153220500e-01,-4.915957592648897978e-01,-6.114961133669409854e-01,-2.990843631949806070e-01,-9.915309424434858299e-01,-7.709834595985675110e-01,-5.023064205886809130e-01,-5.150052147898241950e-01,-7.981745455154104496e-01,-5.166217853949536254e-01,-5.191565429406619359e-01,7.749390955193955488e-01,-2.398661802084228467e-01,1.453637789720514106e-01,-7.463454992921211284e-01,-2.505032965550195723e-01,-4.811716812583159697e-02
-1.255584954055462443e+00,3.636602036059616294e-02,-1.269062801114057892e+00,-1.039837937321511196e+00,-7.789946173039028476e-01,-1.017295643242252856e+00,-8.254941396950027377e-01,-1.017005372484075298e+00,-8.412648811261235204e-01,-5.648172327906183371e-02,-3.758741046231817706e-01,2.962444615032815975e-01,-3.887288914414142038e-01,-4.626806153117666298e-01,1.476761609984008072e-01,-7.750574729472600177e-01,-2.944129569826599013e-01,-3.624738032023258616e-01,1.784263021408719063e-01,1.198046551759278378e-01,-1.103855288157051362e+00,8.963973484567261396e-03,-1.139935107983391704e+00,-9.043086599869925024e-01,-5.044918443725934232e-01,-1.015744602498473537e+00,-8.657858240686392426e-01,-1.160418093351045066e+00,-5.596257581244795665e-01,-2.618226323719252679e-01
-8.911946996590909276e-01,-4.658264916960276336e-01,-8.294713233949544406e-01,-7.978430364188223711e-01,-4.741274881741190939e-01,1.465420758529732970e-01,7.145148110658511298e-02,-3.195790725509704555e-01,-1.172691178265269807e+00,5.058788536200777841e-01,-5.112817762343233596e-01,3.202673012714811751e-01,-2.525622975615346086e-02,-4.645880261152512958e-01,5.161090043878482359e-01,1.116120747200178620e+00,9.802580848192762319e-01,9.202937892072711179e-01,-6.631795124591214341e-01,4.150559855907713369e-01,-8.063091380103606376e-01,2.202394958403898206e-01,-5.088228699053964910e-01,-7.064420504054984562e-01,3.282225300655822742e-01,1.003967548217278294e+00,9.719726033963322909e-01,6.331813296192169149e-01,-5.786486788364459954e-01,6.423590168792647770e-01
-7.637855198002200252e-01,2.804221944441887548e-01,-5.886838566667941253e-01,-7.566644169178986523e-01,3.361877544626350023e+00,3.439630441686350348e+00,1.921149872992780949e+00,1.497175011415823542e+00,2.862697142945435758e+00,4.815921398545831345e+00,3.308620195300087663e-01,-8.627306403651456568e-02,2.835988644152314664e-01,-2.721514694970203485e-01,6.945942485187363014e-01,2.633367569622874438e+00,7.407706596676298938e-01,1.077756891065361433e+00,4.784594952644473764e+00,1.935133394733857148e+00,-2.757198492872406370e-01,1.591676651594097491e-01,-2.469592844291181033e-01,-5.454329465303611180e-01,3.394519731772823068e+00,3.962431883584950576e+00,1.971170083469638845e+00,2.196297709856458891e+00,5.917678744300198801e+00,4.999482497886240218e+00
-4.466782277070299734e-01,-6.723355620744521088e-01,-4.376257365142558475e-01,-5.022595210971234625e-01,1.442077462606247140e+00,9.312001661581544021e-02,-3.731160885294828589e-01,-4.074313765968528567e-01,4.807982602091528945e-01,4.669996038591492371e-01,-5.102211417308419872e-01,-1.989956198719133040e-01,-6.245994484924874968e-01,-4.573822519687536503e-01,8.884717981067835613e-01,-5.361718030338993302e-01,-2.202933117471698454e-01,-4.516179491253713429e-02,9.110031247475616212e-01,-4.814736016543003094e-01,-5.545393186554682385e-01,-6.826332442270701684e-01,-6.129083958621760475e-01,-5.731201637356148071e-01,1.147925742403161697e+00,-5.014200016063506959e-01,-4.096928116332638203e-01,-4.608468898429072258e-01,3.962760076518500596e-01,-4.760890033483241579e-01
8.330762010976305865e-01,4.259172213017154984e-01,8.198199230661377124e-01,7.452270135096269454e-01,1.161657225906681301e+00,3.779002669161617839e-02,7.798117656244681895e-01,1.343038933059874207e+00,-3.058839395936565064e-01,-2.842030433073558515e-01,1.463973214082773477e+00,1.711744097075666993e+00,1.555269839008210919e+00,9.981841256237683480e-01,-1.749072618803601820e-01,-4.124247217724738013e-01,3.798266729956424892e-01,8.821209160295520046e-01,-2.797404732017735873e-01,-3.141287536500752403e-02,9.893714744133742522e-01,1.256810027398642893e+00,1.082755806540345089e+00,8.553286220131380846e-01,5.797716640104478847e-01,-3.063848063911057129e-01,5.612976582370164946e-01,1.050012364349148131e+00,-4.470734772453430206e-01,-4.418736927997369834e-01
6.295849172845456587e-02,-1.341143346822759153e+00,2.583868662404984959e-02,-3.716675700792339276e-02,2.384275235419570094e-01,-5.223784230237253912e-01,-3.988150922715508195e-01,-5.917853061856479663e-02,9.615484934219803437e-01,-1.149266350488008070e+00,4.241978558363832530e-01,-7.217695714429677167e-01,4.373013995427751932e-01,1.741826585183918752e-01,3.272511386089296120e-02,-6.109580825788478720e-01,-2.872501341237679862e-01,1.536552528880822110e-01,2.556041279338842065e-01,-8.467663060726646762e-01,1.112982201343290373e-01,-1.425398752509258182e+00,9.889262170392763840e-02,-6.678497090553729698e-03,-7.946054908644101245e-02,-6.473734920654413694e-01,-5.325606357379718547e-01,-8.401324484257612080e-02,2.488483721341081534e-01,-1.298378269975027033e+00
1.309100543198525313e-01,5.502920023250851278e-01,2.275239151655856218e-01,-2.701312480221643511e-02,6.942901647407381249e-01,1.587029744569195655e+00,6.752520935366426169e-01,1.040290424207148234e+00,1.606190851593727542e+00,9.002255297666345024e-01,-5.215345764346448476e-01,-4.055920418784311754e-01,-3.616617783371926520e-01,-4.031270113363008556e-01,-8.308814710439721418e-01,2.644180096487148690e-01,-1.872820411801027762e-01,2.586306541268094117e-01,-7.391322933982764631e-01,-3.931497909873823277e-02,2.881613163753692919e-01,1.266713567509072380e+00,4.588425673757878798e-01,3.511685627024299650e-02,9.093877705588923055e-01,2.657891836118742912e+00,1.335317141604807301e+00,2.389388556826941734e+00,2.154310930116110967e+00,2.447356874999817133e+00
-6.675208061290730521e-01,5.667188601960962968e-01,-7.064021737338948004e-01,-6.387694651960761361e-01,-6.740167851035524516e-01,-1.029506399639317227e+00,-9.111574855018960140e-01,-9.766301369420304912e-01,-1.150838894937414425e+00,-5.383067113877076926e-01,1.479293749251387249e-02,1.351411653908449369e-02,-1.079075929851157772e-01,-2.458715873156760712e-01,-3.707497866331508352e-01,-8.542556049545724228e-01,-6.584712144628610542e-01,-7.076201981842011879e-01,4.271104074739121570e-01,-7.368552268671391126e-01,-6.773031148698371862e-01,3.042164372383030641e-02,-7.235930041562730342e-01,-6.357250179258380207e-01,-9.989160041952607205e-01,-1.075869690824762470e+00,-1.048748922453354382e+00,-1.180493411567817619e+00,-7.482697218514831050e-01,-1.022973065395415659e+00
-3.645700895757572613e-01,7.380275208509250451e-01,-2.725731311159780845e-01,-4.263893248933668390e-01,9.387590890429236001e-01,1.455382527163342488e+00,1.015385966593424838e+00,5.347451296676696275e-01,1.136366760044826840e+00,1.358445259091859203e+00,-3.391054418358223077e-01,-2.470412994083128477e-01,-2.906106064386109744e-01,-3.166577215783292765e-01,-1.989447382912830440e-03,6.964567324875181598e-01,4.361949746243135029e-01,4.924395023403377869e-01,-4.622721564265175886e-01,6.452945534690125440e-01,-2.153783223344153952e-01,7.616330218771841798e-01,-5.408610520661321502e-02,-3.015385427414075115e-01,2.002325387008998092e+00,1.818336360026628684e+00,1.690534236195461393e+00,1.279882420266389209e+00,7.957573426031518959e-01,2.267866721302310040e+00
-3.079437874162591626e-01,-1.795298259441201194e-01,-3.816477955312989057e-01,-3.682879850495978657e-01,-4.252337033136819877e-01,-1.258458082084279894e+00,-7.971496502736042933e-01,-5.010703593523442301e-01,-1.252816217134074650e+00,-5.730203272456793062e-01,-7.711372295872974680e-01,2.105349087123863150e+00,-8.160026054437683474e-01,-5.491499050697381534e-01,-8.636310571230342292e-01,-1.115684764889036229e+00,-6.039714753191184338e-01,-4.039018576532246718e-02,7.517472937461074922e-01,-7.339817346003281173e-01,-6.107193609908573295e-01,-4.499000516319845988e-01,-6.791991775234105244e-01,-5.838776175542166325e-01,-1.497243512648106734e+00,-1.333936127937384697e+00,-1.081736781843334327e+00,-9.815791898474315325e-01,-1.455288274979580798e+00,-1.243970317135470349e+00
7.707872687221828389e-01,6.452634813947248638e-02,6.798750706087456352e-01,6.369216033154166956e-01,-1.531096072657096796e+00,-5.988864435740837155e-01,-4.711250341732518554e-01,-5.410510486187337653e-01,1.202355852995323493e-01,-1.399204384665403866e+00,2.718200321695371513e-01,1.584238255229068359e+00,3.000324687999375017e-01,1.385776568533447495e-01,-1.161324794581707787e+00,5.243387914001196998e-02,-7.049688587208273460e-02,-1.262791504151898891e-01,-6.582793330436920165e-01,-8.266518602049869324e-01,4.130058548984558708e-01,4.183102980489731282e-01,3.958513268832120624e-01,2.733680055969794909e-01,-1.899288421556538431e+00,-5.278982896984865114e-01,-4.130394060641313647e-01,-4.570157222442864930e-01,-5.992568429410769504e-01,-1.354468943005497916e+00
1.801385968025051243e+00,5.338651444540740698e-01,1.671837113027321076e+00,1.837870656979342376e+00,-8.767821870247770599e-01,-3.842442412819314090e-01,1.917164506267232671e-02,3.140622461512166952e-01,-1.252816217134074650e+00,-1.525561946388420687e+00,1.008961012089198306e+00,-2.987828004475123755e-01,1.104795742345095588e+00,9.204041517483380064e-01,3.176465127487327900e-01,3.063844111199807152e-01,3.035270381944027429e-01,7.660117601139900811e-01,-8.775623618841560392e-01,4.042443130527052092e-02,1.661451240129326212e+00,1.046981945520495672e-01,1.637678639451129570e+00,1.539573225556985170e+00,-3.787172774001606457e-01,-1.397653349820554836e-01,1.969969501911506549e-01,4.646099552799064503e-01,-1.057392183420942766e+00,-7.066216695035595352e-01
-2.569801154727103243e-01,2.082683172292258522e+00,-2.882140263906282085e-01,-3.271093655486740914e-01,-6.495698926733344258e-01,-6.649008453457145862e-01,-7.436100591442960095e-01,-4.084834999985998971e-01,-6.664466145032770239e-01,-6.868809872598263810e-01,-5.901222743264502579e-01,7.286555773308771577e-01,-6.376496637391657618e-01,-4.709460621268667935e-01,-6.602561275720590928e-01,-6.410878067120645563e-01,-5.557002777918034209e-01,-4.416825150460926830e-01,-4.083701828567946612e-01,-8.898686900748317141e-01,-3.880799339580191520e-01,1.920347214797397895e+00,-4.386326304993836689e-01,-4.362712430268453900e-01,-1.055297706631178611e+00,-7.403704063402600788e-01,-8.050690393943281675e-01,-5.302676467299142216e-01,-6.848599861449271575e-01,-1.090281873031980098e+00
-1.542114042982523747e+00,-1.111167336628604785e+00,-1.541955263405972998e+00,-1.204834460664253371e+00,-3.137846348818025821e-01,-1.161153617045170838e+00,-1.119898903151928415e+00,-1.269909535179032822e+00,-3.240941757002030466e-01,6.225166029028614822e-01,-6.420933649970450574e-01,-7.675977580776873754e-01,-6.879171595041485565e-01,-6.084915745114833907e-01,7.148989918877545202e-01,-9.484647959496838032e-01,-1.022218044862240882e+00,-1.891774534884690828e+00,8.007490879004007800e-01,-1.513811775043721053e-01,-1.450923105251233025e+00,-1.402290492251589971e+00,-1.462090309359706408e+00,-1.089477947028497429e+00,-6.649628436132839493e-01,-1.176487185574879080e+00,-1.312795223048802695e+00,-1.749804916722852210e+00,-4.962160224179236745e-01,-3.022079169538649523e-01
-6.363763399413491229e-01,5.526386963066577396e-01,-6.195540447088659919e-01,-6.272056062951316679e-01,-2.129325910949504408e+00,5.305347218794691927e-02,-1.421186470030811472e-02,-6.423179260368915289e-01,-1.682577789248572486e+00,4.669996038591492371e-01,-5.162314039172372082e-01,6.491954150206781238e-01,-4.365796806792343054e-01,-4.202937085676629048e-01,-4.423641342490274714e-02,1.882814620232924341e+00,1.052820594650659247e+00,5.783284669902054587e-01,3.634080750733300613e-01,1.833483605795414029e+00,-7.168372187354816738e-01,4.364667882514265407e-01,-7.076952148890991445e-01,-6.521257262066569860e-01,-1.603067631066291465e+00,5.628780173165751632e-01,2.256820453128721427e-01,-4.088962572056107914e-01,-9.511808761124614930e-01,8.779398436072421985e-01
-3.843892953315817262e-01,-1.364610286638489489e+00,-3.948190757625825720e-01,-4.238509168419399287e-01,-5.611296641757783643e-01,-4.605614687635856130e-01,-6.094461425496764395e-01,-5.997069282661342537e-01,-7.647818894786284627e-01,-1.883934635393538226e-01,-2.669822955990783786e-01,-1.003945543181745004e+00,-2.475932302551160646e-01,-3.155980489097266473e-01,-1.621349233095260023e-01,1.100031734659794175e-01,-4.527129232555034133e-02,-1.914911420937931708e-01,-3.997948688797932082e-01,2.052910501135589982e-01,-4.255332955149451757e-01,-1.507928253429501320e+00,-4.518307951740184736e-01,-4.553172268368289033e-01,-5.261771145402542871e-01,-2.062839611647383775e-01,-4.670630018767072955e-01,-4.608468898429072258e-01,-5.406028374125122493e-01,-7.504069118045729458e-02
2.101868773431499193e-01,9.445365912293504085e-01,3.505930648266458172e-01,4.801093538439805269e-02,6.223875399459786184e-01,1.800717981517827582e+00,1.017905476764215500e+00,1.065278354998641541e+00,-2.694634673805634817e-01,5.503122819182815206e-01,-4.327948229766904187e-01,-4.443981676578306339e-01,3.541666950083806054e-01,-3.151741798422856289e-01,3.576010077651880503e-01,1.376527648637265733e+00,7.065136807772772753e-01,1.103205473183840768e+00,5.973916421600824478e-01,1.765561274454476581e-01,-3.227299916722130985e-02,3.704431875152323084e-01,3.448584179130317895e-01,-1.627497533112507999e-01,2.943477550669498614e-03,1.369497086269690911e+00,8.811364688442134829e-01,8.967656604043202639e-01,1.505632817889459851e-01,1.762455239960520614e-01
-4.155337615193056000e-01,-2.381971754834452948e-01,-3.783549754734779613e-01,-4.760293045657131294e-01,8.524759392892116150e-01,5.681947576891125395e-01,-1.099532511903651977e-01,6.470899993715545362e-02,-6.191000006262563637e-01,8.030274053643150500e-01,-5.996679848577840533e-01,-1.052360804868424538e+00,-5.617650787862589201e-01,-4.592896627722383163e-01,-4.208566533341158711e-01,-3.311301616679968030e-02,-2.012962598170651429e-01,-2.503409882427766187e-01,-3.654936129717873960e-01,-9.247458603474396910e-02,-3.859991916493006880e-01,-5.588389928467055734e-01,-3.543443515545563471e-01,-4.290408232471294436e-01,9.440842028271494435e-01,8.489726910925802228e-01,3.997049557179840895e-01,4.063762077808719675e-01,5.151692621016423779e-01,1.089962587662422377e+00
-7.949299859879438435e-01,-3.403479908659423625e-02,-8.265901058443613225e-01,-7.341007897941048688e-01,-1.032091856581459410e+00,-1.080066562845913181e+00,-6.526557419787417658e-01,-6.833507387050281601e-01,-1.074355903289918368e+00,-8.451750755721771924e-01,-4.571894165567655932e-01,-4.800628451598504265e-01,-4.965140025528677059e-01,-4.645880261152512958e-01,7.509235365747229940e-01,-8.834168736692212809e-01,-3.797439771277199005e-01,-4.658586680586478956e-01,1.539254050637248183e-01,-6.014419037936649115e-01,-8.125513649365148083e-01,-2.798892797362836360e-01,-8.729722316100951840e-01,-7.235481654940946195e-01,-1.098199273211664523e-01,-1.041447916304985899e+00,-6.224406004526999991e-01,-6.830546105629071718e-01,-8.005827538093915896e-01,-9.792223404316481306e-01
-6.165571341855246024e-01,3.695965657439636565e-01,-5.767473839571928274e-01,-6.018215257808636753e-01,-6.970256250378757956e-01,-4.806685422524484275e-02,-2.917359100129341964e-01,-2.727595811732248521e-01,-8.121285033556492339e-01,6.808354775442542195e-01,-4.518862440393579538e-01,3.461380517910809251e-01,1.642135619733972318e-01,-3.849006414363362327e-01,-8.844835463163636113e-02,1.394820695432432922e+00,3.440125587011830799e-01,7.055713775826020218e-01,-2.270635444859079866e-01,1.506623860445647889e+00,-6.232038148431661151e-01,2.895642766133937340e-01,-4.470314625650604334e-01,-5.835249141503279224e-01,-8.644673291557632977e-01,1.844322411704377163e-01,-1.821243903342716075e-01,2.019451383990664844e-02,-6.975419332862382582e-01,8.942061387860786859e-01
9.491601205246020800e-01,1.289500606520582293e+00,9.968090011740161627e-01,9.313769372809259650e-01,6.583388523433578721e-01,1.081428112503237005e+00,1.599912326216931469e+00,1.473502234876513883e+00,-9.942308644211145241e-01,1.240290791823898675e-01,2.425261619071530816e+00,3.830962668190805998e-01,2.164763225158628401e+00,1.742710142583950184e+00,-2.669335987625244266e-01,5.759378359546512005e-01,4.240493184722796127e-01,6.037770491086845714e-01,-1.117671153240194837e+00,4.667788463933716381e-01,1.436731070787769848e+00,1.121461645889444192e+00,1.445705335092804855e+00,1.380856693807123836e+00,2.631667195625997380e-01,8.412229482363454691e-01,1.025040029371517614e+00,8.875708581676308162e-01,-1.181041168048726497e+00,5.122286554485722121e-01
2.385000284228994405e-01,-1.995463519715565820e-02,2.118830198909360807e-01,9.285614429293818917e-02,-4.187624670821530337e-01,-1.028244649433316532e-01,-3.716043824270082174e-01,-2.363866924221867064e-03,2.477072380453580192e-01,-5.882943182231866741e-01,-4.041576913826891992e-01,-4.706385003277105405e-01,-3.321779587058084626e-01,-3.221680194550627374e-01,-5.426851135482264610e-01,-2.413309311588506534e-01,-5.438660487205907446e-01,-3.807848970008319289e-03,-6.558292433359774742e-01,-3.611461129815844440e-01,3.099620080987036935e-03,1.079993745888592205e-01,5.989804425614244504e-02,-1.184854761232340542e-01,-1.006768454992677114e-02,3.245734244873521024e-01,-4.503300297223696291e-01,5.320385050156307694e-01,9.032403286771839568e-02,4.779788275627375183e-02
-7.128218478566716865e-01,-1.936099898335587044e-01,-7.409767843410154375e-01,-6.816403567312843137e-01,-7.667711710887933352e-01,-8.598913615613410499e-01,-6.957393658992674368e-01,-8.025037139528864438e-01,-1.074355903289918368e+00,-5.785745057829545512e-01,-7.792687607806557670e-01,-8.076974213830671045e-01,-7.517182118212422104e-01,-5.760655908522440694e-01,-9.172331323954271975e-02,-4.640756774294165776e-01,-3.744497167537563231e-01,-6.993494089956954207e-01,8.164775868614167209e-02,-3.780278800490997071e-01,-7.209987033529178246e-01,-2.501786594049961732e-01,-7.325917527980694288e-01,-6.734642821419161152e-01,1.157068824225066517e-01,-4.646087230392350609e-01,-4.235572742754293851e-01,-4.796962344281211488e-01,4.834643942483644596e-01,-2.937943159992936759e-01
-5.033045298665280720e-01,1.801079894503497814e+00,-4.417417615865318337e-01,-4.991570223676018991e-01,5.504849151512181127e-01,6.044454407428984100e-01,2.469353645021766519e-01,-6.996279548647252322e-02,4.807982602091528945e-01,9.182766100127803810e-01,1.161103398206925034e-02,1.120412656627673087e+00,-1.045242038470880208e-01,-1.193466706845264652e-01,6.906642981892489042e-01,6.894623322423069078e-01,1.496820602686376456e-01,2.093240262722556033e-01,-2.197132753627638047e-01,6.650498128033391909e-01,-1.217449184420999198e-01,2.278525248791253510e+00,-1.620710889081711237e-01,-1.906133222184488163e-01,2.037021819277255563e+00,1.406954176741493034e+00,8.027305421781741890e-01,4.860644938321824760e-01,4.913906112116839253e-01,2.054722163786520728e+00
-1.241994641537182753e+00,-9.023115722686069207e-01,-1.156695316640916182e+00,-9.989413631596347765e-01,8.237148893713075459e-01,1.073796389755071301e+00,4.055174987652739205e+00,7.967238567026958540e-01,2.684236829101281252e+00,4.193853402370979921e+00,1.493670980180256125e+00,2.700376349074657067e+00,5.871372042268588887e-01,2.072444457787928351e-01,1.303736549589289861e+00,3.778297086685108219e+00,1.131029435566467889e+01,6.504667027831069426e+00,1.823661540871280407e+00,9.345869950839752249e+00,-1.085128607378588184e+00,-9.978959377423989308e-01,-1.081743200099773983e+00,-8.755633325700730163e-01,-1.011458192541018625e-01,1.579539530783018730e-01,2.615150468952291529e+00,6.577008022503891826e-01,3.217695681966472598e-01,2.357611798151064253e+00
-8.062552464198438074e-01,-8.647644685634388040e-01,-7.615569097023966449e-01,-7.400237419141008077e-01,-8.695919245453008761e-01,1.484500065400147228e-01,1.486744678413285115e-01,-5.447334805248484901e-01,-3.594020224984416801e-03,1.355668169823222469e+00,-2.528405022193246920e-01,-2.507371209111128318e-01,-1.398081191436625070e-01,-3.624355808619613151e-01,1.110513991722823945e+00,2.208861277817375957e+00,1.927619264677935096e+00,1.364053439898253339e+00,-1.027017834054751777e+00,3.056513751856899663e+00,-8.728928918893403832e-01,-1.090328978773071000e+00,-8.210794477757351606e-01,-7.529988997187911925e-01,-9.251860856252136500e-01,1.818489935516926781e-01,1.314993163298858458e-01,-4.821481816912382978e-01,-1.185796898226718188e+00,1.146053260692893261e+00
1.690964678814029565e+00,1.097071700031595487e+00,1.762389664617397989e+00,1.671463906941362820e+00,8.812369892071155730e-01,1.529791823957955099e+00,1.756121956805972051e+00,2.096885350411666682e+00,1.595264709929798741e+00,1.656982355470416834e+00,2.368694445552515848e+00,9.984505470352745826e-01,2.390483614795618994e+00,1.922854496246391376e+00,3.192839920526858166e-01,1.166695641280935281e+00,1.359887696340547070e+00,1.187503901451303134e+00,8.313752092468343902e-01,7.570015653412953682e-01,1.549091155458548030e+00,6.427905405520343285e-01,1.550690735913764051e+00,1.444343306507068325e+00,1.373921525901662943e-01,5.577115220790854755e-01,1.045119595956722991e+00,1.197129200136182403e+00,6.166248392321319605e-01,6.070218928700678029e-01
-2.764359172674273751e-02,-8.272173648582705763e-01,-9.434924548641664133e-02,-1.350364896573791884e-01,-1.156483397476395503e+00,-9.121686623862741428e-01,-8.569880168298900092e-01,-5.723517198207097589e-01,-8.084864561343393374e-01,-9.576471909520049008e-01,-6.640131447356633076e-01,-1.012261141563044697e+00,-6.052657962751862852e-01,-4.412752274059942303e-01,-7.047955646395833718e-01,-8.822332059354164313e-01,-7.353002753014972193e-01,-1.803573874169583924e-01,-1.085819987039903900e+00,-6.165277381944233026e-01,-2.757198492872406370e-01,-1.027606558073686394e+00,-3.171495238351309531e-01,-3.316946837738812270e-01,-1.220105759905401044e+00,-9.754459396460519738e-01,-1.013514063945506249e+00,-4.907299971121487081e-01,-1.219087009472659799e+00,-9.405197760406226459e-01
-1.021435194625937237e+00,9.163762634504740712e-01,-1.030333346922035709e+00,-9.030459478835111131e-01,4.138699280411733405e-01,-6.801642908420453271e-01,-8.055900093457540878e-01,-7.767266906100827040e-01,-4.224294506755534306e-01,3.892411043372921986e-01,-4.073395948931338162e-01,-1.102959038047141294e-01,-2.751436846647700718e-01,-4.135118034886062777e-01,1.041739860956793606e+00,-6.028876207574505042e-01,-4.426522474536399576e-01,9.639594312150394362e-02,1.723207862854978289e+00,-6.642995471301582633e-01,-1.103855288157051362e+00,-2.171668590368990293e-01,-1.109939279177403204e+00,-9.069539355161568839e-01,-7.473668702503950545e-01,-1.075934272015231175e+00,-1.114007513855271192e+00,-1.270908966895266001e+00,-1.074829860740245335e+00,-9.029390251102077380e-01
-1.200940572471546730e+00,5.044618425003390833e-02,-1.149698074018046468e+00,-1.004300224601535785e+00,3.419673032464128348e-01,-1.268643916000526672e-01,-3.446456235995448147e-01,-4.731890892060461873e-01,4.880823546517717437e-01,6.432165990667873534e-02,-7.838648436290758248e-01,3.568904555588428562e-02,-6.429664180989235200e-01,-5.998022586289422087e-01,6.775644637576240248e-01,-1.977504373233050228e-01,-7.890541705426015739e-02,-1.230980776503800972e-01,-5.492503410503887240e-01,-8.996028030128436215e-02,-1.139227907405259366e+00,2.136371357667699034e-01,-1.046348122108707868e+00,-9.095992110453212653e-01,1.056847607698986558e+00,-1.455776421242317431e-01,-4.873869801826543474e-02,-2.558027999647280448e-01,-4.486587206380067139e-01,5.789420390175848558e-02
-7.213157931805962431e-01,-3.403479908659423625e-02,-7.278055041097311051e-01,-6.901017169027070519e-01,-7.394481736667850580e-01,-5.036807022907201503e-01,-4.289232388125029383e-01,-8.943014807553203438e-01,8.012984156843715455e-01,-1.204829498085806944e-02,-4.087537742311092015e-01,4.385335893610800562e-01,-3.152610130156699442e-01,-4.190221013653397386e-01,9.462183155032014015e-02,-2.779170247491851709e-01,3.626981835504664020e-01,-4.922615720065703360e-01,-2.319637239013375707e-01,-1.729323695054555965e-01,-6.585764340913741188e-01,2.383959860428432054e-01,-6.201073947756131632e-01,-6.286709498480663738e-01,-2.876391426959855613e-01,-3.812989873347097380e-01,-8.889783118867593259e-02,-7.285688816345210483e-01,2.060468005321823837e-01,-5.765258254101184032e-02
-5.117984751904526286e-01,-6.254016824429921018e-01,-5.224158530031466352e-01,-5.174899694056843691e-01,-2.893377424515845564e-01,-6.740589126435130307e-01,-6.951094883565697158e-01,-6.723034429866836525e-01,-3.313782701428218402e-01,-5.022045508954178228e-01,-5.356763698143985897e-01,-3.283493724699120819e-01,-5.404980613472276652e-01,-4.321620424560119189e-01,-6.992281350061430034e-01,-4.005880444344243063e-01,-4.535521952823885483e-01,-6.249123062991436273e-01,-8.224353434605755631e-01,-5.446904315241450911e-01,-4.421792339846901121e-01,-3.838764508957897559e-01,-5.217210762919717304e-01,-4.688963078865391321e-01,-6.042440871438337080e-01,-4.420053063752165667e-01,-4.986166065106011902e-01,-4.226884605606452405e-01,-4.549996942086624863e-01,-4.362646254966897064e-01
-1.295709356138394497e-01,-1.291455325243720184e-02,-9.970007808037616159e-02,-2.230346354401751829e-01,-3.720257609655589492e-01,2.114117192123793620e-01,9.664658281449491073e-02,-4.205082877279114548e-03,1.348037741847689652e-01,-1.314631335322812844e-01,-6.279515716172914264e-01,-5.685777701519093563e-01,-5.095642177995459710e-01,-4.389439475350685460e-01,-9.854595173371448746e-01,1.320624357777988034e-01,1.204079146714273907e-01,1.345688162992227099e-01,-5.835515969583940921e-01,4.868572157235267345e-02,-2.278627761867238477e-01,-5.891336681076475221e-03,-1.710698375499675183e-01,-2.966006950869674585e-01,-7.300186541162665410e-01,4.130496554293671130e-01,4.369955793762222429e-01,4.063762077808719675e-01,-2.552590267330115958e-01,2.536506527781013931e-01
-1.075230181677460317e+00,-6.652954801297328302e-01,-1.093720133035089637e+00,-9.292761644149214462e-01,-1.009528654893123989e-01,-1.024164193715601634e+00,-9.924116885099050211e-01,-1.125374082864025960e+00,2.695595213732134288e-01,-1.036922408459032136e-01,-6.774478484464292460e-01,-4.355281960511108719e-01,-7.261011226333181634e-01,-5.743701145824798848e-01,3.174262627852125762e-02,-9.893551358447635335e-01,-7.070538390709973919e-01,-1.017774792753167734e+00,-6.092775388893985067e-01,-4.362160984520251361e-01,-1.037271534278071616e+00,-6.215614135460901801e-01,-1.079343533795294796e+00,-8.678038576845242824e-01,-1.315051974888273023e-01,-1.061209760588385009e+00,-1.103202794692756061e+00,-1.384924514630217818e+00,-3.551293604708365970e-01,-5.540550388606787502e-01
1.085063245707397872e+00,1.935945171259880748e-01,9.186045248007678188e-01,9.240437584656928660e-01,-8.429879533712397732e-01,-6.944737709948555215e-01,-2.011595193729986963e-01,2.020111038651512259e-01,1.158219043372683110e+00,-1.736620730804887103e+00,5.253116785016219703e-01,2.090575954468442549e-02,2.410648295371692063e-01,2.960450154076900708e-01,-9.710496994623576406e-01,-9.261365182438179300e-01,-3.087386027004436762e-01,-3.230285009186829592e-01,3.622027386333856569e+00,-6.890834179314041519e-01,9.040610397559313283e-01,3.786961376072561225e-01,6.628142032565081943e-01,6.772134030494046941e-01,-1.055297706631178611e+00,-8.559707372790973379e-01,-2.375822409029336169e-01,6.616852502335475450e-02,3.133991346782398768e+00,-1.276502907493143546e+00
-5.401116262702015947e-01,-1.195648319965232798e+00,-5.392915557994790721e-01,-5.425920045809049519e-01,-1.054381670267835469e+00,-4.844106023516026038e-01,-2.583524002499537620e-01,-6.033893601722489786e-01,-6.008897645197097681e-01,-1.689538386588905206e-01,-4.787556514608899416e-01,-6.870288493166483157e-01,-3.679452153078154319e-01,-4.262278755118373841e-01,-8.462737765011313362e-01,2.488151167940132746e-01,3.306211942258634462e-01,-1.628614872105040301e-01,-1.670363466468981761e-01,2.879039527843789692e-01,-6.460919802390653333e-01,-1.030907738110496075e+00,-5.835124836323073438e-01,-6.120938898653031091e-01,-1.254802192173658737e+00,-6.226790641970644108e-02,1.577939868581307581e-01,-3.491300426671279933e-01,-3.614703340414923693e-01,2.452370518235309216e-01
-5.401116262702015947e-01,-2.733975852070409385e-01,-5.586368736391773560e-01,-5.527456367866121489e-01,-2.469151938226753773e-01,-6.080445108718822711e-01,-5.666144696462298569e-01,-7.367460013436931687e-01,-4.224294506755534306e-01,-4.994274616267801448e-01,-5.278983834555340815e-01,-7.836745816148672494e-01,-4.757303264192689896e-01,-4.556867756989894658e-01,-3.786096872921259071e-01,-6.324793141025740750e-01,-3.993638832194671973e-01,-7.645614006742985636e-01,-1.462105841313233734e-01,-6.682505989970235483e-01,-4.047258724277640884e-01,-2.468774793681864921e-01,-3.975383450351799297e-01,-4.450888281240599209e-01,2.284702872943426000e-01,-2.308248135428155601e-01,-1.591763142368942396e-01,-3.967897675939694446e-01,4.961463413896751162e-01,-5.142306610090443542e-01
-3.532448291438578525e-01,8.329989999205614226e-02,-3.791781804879330586e-01,-4.094666045505214735e-01,-3.152226873776982630e-01,-4.729630182293543816e-01,-8.935209143063591597e-01,-7.201750577661764074e-01,1.821503880617897086e-01,9.903527576465036286e-02,-1.255643618015415408e-01,-8.008601516028870382e-01,-1.262745625915517311e-01,-2.876226904586182131e-01,-3.533925060112479422e-01,-6.464681145929960238e-01,-8.021636695538489903e-01,-8.576077790449886384e-01,2.029271992180185780e-01,-5.181106280561421640e-01,-3.714339954882741601e-01,-1.907574187424211920e-01,-3.588437258754547665e-01,-4.410327389793413100e-01,-4.394360338696114976e-01,-5.653553801702885240e-01,-9.720641014946181935e-01,-7.714779587390728777e-01,6.467444636927452972e-01,-3.655903774782965909e-01
7.283175421025595009e-01,2.381817027758746930e-01,6.263667446691538743e-01,5.731793566906991932e-01,-1.493706707763821973e+00,-6.200644742002426879e-01,-6.602142724911146399e-01,-6.630973632213965629e-01,1.275196797421501438e-01,-1.320057340509228627e+00,-5.469898045182015611e-01,-1.173029376934843215e+00,-5.235811156570893132e-01,-3.628594499294023334e-01,-1.415461582555229025e+00,-6.012735283931710528e-01,-5.790573088534074486e-01,-1.049267413124785886e+00,-1.180345524926048328e-01,-7.616390976683852232e-01,6.127571165353953297e-01,1.690712052698387091e-01,6.058221285251305099e-01,3.650708906080105121e-01,-1.328532110743705141e+00,2.535341149718654541e-01,-1.285788794403909807e-01,-4.108884643568934125e-01,2.809016451286300065e+00,-4.284119312724237183e-01
-5.486055715941267064e-01,-1.197995013946805853e+00,-6.022667394053057288e-01,-5.442842766151895217e-01,-1.323297487000238970e+00,-1.364157442146370691e+00,-9.784284070620150597e-01,-1.137052652623418592e+00,-5.025544895443583293e-01,-8.701688789899166832e-01,-6.742659449359847956e-01,-1.114450606115463760e+00,-6.864671355878509962e-01,-5.139687724721321294e-01,-5.390826590795297912e-01,-1.068983692482550429e+00,-6.724854330998234486e-01,-1.088394608131947772e+00,-9.843383483088732899e-02,-1.030957160375258086e+00,-7.043527648831728882e-01,-1.496374123300667103e+00,-7.649872479085372268e-01,-6.417209757919437596e-01,-1.363228543011962834e+00,-1.287889739133255551e+00,-1.116015470513791685e+00,-1.465992021017031632e+00,-9.702037968244282551e-01,-1.318010005535692031e+00
6.320528284314125278e-01,9.633101430819340782e-01,7.045712210424028843e-01,5.246675583745423754e-01,1.205072188785507037e-01,8.791874596768534111e-01,1.161517556499301440e+00,1.037660115702780272e+00,1.325753215552910813e+00,-8.008698206248300588e-02,1.031791461159745210e-01,-3.338931047241118222e-01,5.497842694564605143e-02,1.150529236103671887e-01,-4.434538677286685160e-01,7.282005489850144064e-01,8.687671898852199481e-01,7.421537143779155521e-01,1.396120886875068523e+00,9.502078437468200467e-02,6.543719627097575042e-01,9.068849434968124790e-01,6.658137861371076216e-01,5.079157691828858345e-01,4.323118268703536327e-01,1.380475888649357108e+00,2.075392595745227720e+00,1.695180987956872221e+00,3.042047230007892455e+00,6.883533687642510168e-01
6.745225550510357548e-01,-2.100368477045698179e-01,6.057866193077726669e-01,5.181805155764517279e-01,8.024174899348450463e-02,-3.613490730374350202e-01,-3.814304720930930537e-01,1.844626682766518705e-03,-1.150838894937414425e+00,-9.479273785117727780e-01,-2.231427361218420724e-01,4.366856786096802723e-01,-2.485599128659812251e-01,-1.375730405844910464e-01,8.774441847371733383e-02,-4.081204754677285051e-01,-4.516836327974602106e-01,-2.487504518603714521e-01,-4.451215284725146826e-01,-6.535239511296164761e-01,3.942791741199928590e-01,-1.414428677310090345e-02,3.028642575846483553e-01,2.328071141497926599e-01,9.835866628837748593e-02,-5.479184587437602172e-01,-5.177400032584156264e-01,-3.517352366341899295e-01,-8.100942141653748596e-01,-1.075698298044057921e+00
-5.882439831057756363e-01,2.101456724144842969e+00,-6.187308396944110056e-01,-5.767194906056430925e-01,-5.913287665895781142e-01,-8.322263665992414294e-01,-8.217148744388164117e-01,-6.446852036908224948e-01,1.566560575126254018e-01,-8.021301919082917120e-01,7.215290616457044059e-01,2.661570223295256721e+00,5.997040781681045596e-01,1.036084587894592068e-01,1.728933422792784946e-01,-5.426281724910172466e-01,-5.659773714589091398e-01,-1.016999449962815820e-02,-1.268069506087355497e-02,2.246510463770108948e-02,-5.482970917293140678e-01,1.286520647729930245e+00,-5.958107734427628976e-01,-5.456092982323055285e-01,-1.189746381670676145e+00,-1.004119988214120962e+00,-1.048701113961484799e+00,-8.997454499408935602e-01,-7.942417802387358172e-01,-9.803441538922571530e-01
-1.151675689592782881e+00,-3.883855903041179558e-01,-1.130764358685576010e+00,-9.690445572206078939e-01,3.563478282053643142e-01,-5.792347574975577063e-01,-8.035744012091213806e-01,-8.030297756537601028e-01,2.877697574797599689e-01,7.681856161554945217e-02,-4.953722586821004414e-01,1.501082271416069425e+00,-5.221310917407916419e-01,-4.921395154989186560e-01,2.665571584653957937e-01,-5.996594360288916015e-01,-4.959062782740971675e-01,-6.125061225163849210e-01,5.224668219356583959e-02,-3.744360147155857965e-01,-1.055998215056534573e+00,2.152877257851750215e-01,-1.053547121022144983e+00,-8.693910230020228669e-01,3.759301244344356308e-01,-7.268083563418490378e-01,-8.084156338251958784e-01,-7.538545877854175847e-01,-1.747251783342698012e-02,-4.054147553299310425e-01
3.747665575668038263e-02,5.948791879749717459e-01,7.193816743354342069e-02,-6.029447480981218327e-02,1.787483449623060439e-01,1.179231155473529635e-01,5.417180544847208790e-01,2.025371655660247461e-01,2.695595213732134288e-01,-2.092216330541373792e-01,-4.101679535690846423e-01,-3.394368369783119510e-01,-9.727408426560005261e-02,-3.213202813201806451e-01,-3.638723735565477790e-01,2.321361623631255922e-01,4.773033492927366006e-01,-4.516179491253713429e-02,-3.595654728416293466e-02,7.239203277354450128e-02,-7.180710303286505503e-02,7.962954122636864973e-01,2.728684287786600215e-01,-1.364733497215515623e-01,5.667605019098516106e-01,1.104714205348332090e+00,1.166553165305344475e+00,4.676748893588030809e-01,1.087442126853308322e+00,9.833903089045277213e-01
-8.034239313118689552e-01,-1.359916898675343155e+00,-7.771978049770462693e-01,-7.603310063255152018e-01,1.485219037483103577e+00,1.904244816549246488e-01,-5.360024210711195058e-01,-8.413576484267500100e-03,-1.456338618560466813e-01,-2.828144986730365962e-01,-2.249104602943112763e-01,2.592862464752819784e-01,-4.868471764442171557e-01,-2.912255775318670636e-01,1.401985307826475902e+00,5.027656487739822211e-01,-3.411270191058678458e-01,1.233629456541047276e+00,-5.847766418122514187e-01,-1.359361565702622565e-01,-8.978617995939577323e-01,-1.611915424589007495e+00,-9.170660999548979619e-01,-7.812151720298776691e-01,2.241332332608096944e-01,-4.555673563736276077e-01,-8.983434070317934950e-01,-4.301975490539416414e-01,-1.272985284823232588e+00,-8.990126779980747163e-01
9.010277636890290376e-01,-4.939868194749039709e-01,8.692122239334527656e-01,7.723033660581796189e-01,3.635380906848405536e-01,9.171066385995838011e-03,4.749510349587599545e-01,9.271871585193353082e-01,7.332121438943295377e-03,-9.201564858253956647e-01,-3.277920071320192252e-01,-6.391679608553887393e-01,-3.215444499862927796e-01,-1.365133679158883617e-01,-7.309952335028330195e-01,-5.706057734718612551e-01,-2.959700923867668032e-01,1.154823797103631811e-01,-8.126349846297170609e-01,-5.238576125897644875e-01,7.521668512195094358e-01,-7.356552743567584818e-02,7.138071122266889112e-01,6.084362392911314421e-01,4.366488809038865382e-01,-7.905901594154883527e-02,3.021756323041301373e-01,1.095986375532596258e+00,3.693268699765641649e-01,-1.535676334231171891e-01
1.832530434212775061e+00,4.822378768594672849e-01,1.889986441857962607e+00,1.877357004445981525e+00,9.171883016044958259e-01,1.159653270671932246e+00,1.636445223693400619e+00,1.678666298217197150e+00,1.348037741847689652e-01,-7.453280352520777474e-02,6.660225226301713652e-01,2.460158104748438879e-02,6.514215978493851367e-01,7.421672088893819241e-01,-1.058056352535392680e-01,1.223778815921220259e-01,2.427987574342324872e-01,4.606287746922385629e-01,-1.151972409148200427e+00,-3.356799456511599944e-02,1.586544517015473943e+00,8.623190129998813402e-01,1.682672382660112209e+00,1.557208395751414232e+00,6.448274745134304764e-01,6.907487744444512634e-01,1.163206570874477208e+00,1.488297937631354761e+00,-6.737632823962798057e-01,3.433957296268550508e-01
-1.557120013054790419e+00,-1.735387935727024766e+00,-1.545248083463793831e+00,-1.212449684818533768e+00,1.276974813580259438e-01,-9.711237206158518376e-01,-8.602633800519182694e-01,-1.064771774923393366e+00,-4.661340173312653046e-01,1.265412768592496739e+00,-8.701297832455733294e-01,-1.151408821143463435e+00,-8.759369273174016923e-01,-6.728772858557769965e-01,1.022090109309356176e+00,-8.116435665375945074e-01,-4.052809977550735354e-01,-9.784885441077653123e-01,3.999623365499208050e-02,-3.708441493820718859e-01,-1.399944918687639372e+00,-1.672987255269987150e+00,-1.415896732998484397e+00,-1.061790729823243851e+00,1.811495009533583556e+00,-8.320756968057063663e-01,-7.543920380126197811e-01,-1.072607731990659063e+00,4.993168281750033910e-01,3.585402113450825157e-01
-4.211963917352553044e-01,3.695965657439636565e-01,-4.005815108637693633e-01,-4.906956621961792164e-01,2.578412322365427611e-01,3.297034218089432422e-01,2.217402627942668680e-01,3.137992153007798657e-01,-2.767475618231822754e-01,1.102953046377189050e+00,-2.107686669145575620e-01,1.109325192119273051e+00,-7.117365377224366130e-02,-4.152072797583704067e-01,1.939078519523092403e+00,7.954543974966583608e-01,5.663714944076533309e-01,1.758506462734682696e+00,1.061486557632887739e-01,7.437116636072940157e-01,-6.044771340647031588e-01,-1.084310673629124838e-02,-5.430181147442232348e-01,-6.165026824139103745e-01,-1.228310894217627125e-01,-1.791598611679161845e-01,-2.533590432198805642e-01,-5.642883813250721553e-02,-1.076415104132909528e+00,5.565057698053974683e-02
6.094023075676127110e-01,3.578630958360984327e-01,6.181346945246019020e-01,4.493614528488806825e-01,1.521170349880483830e+00,5.395757973834921506e-01,7.420191130626034859e-01,9.626963233282997967e-01,4.990084963156994347e-01,1.837151362330966421e-03,1.254524706890864927e-01,5.416815306988410905e-02,1.990141359645392349e-01,9.195205943483059086e-02,-9.565326356903011695e-02,-2.585479163778314771e-01,-1.070288635437641016e-02,3.222521094230075822e-01,-6.386786153819745682e-01,-3.704849628487206226e-01,6.335645396225767501e-01,7.995965923004960674e-01,6.808117005401018718e-01,4.303210203273979961e-01,1.191296282738483425e+00,2.709710363983942050e-01,4.068762294984145655e-01,6.760904067237686332e-01,3.138433512333277386e-01,-1.047687478866070054e-01
-4.466782277070299734e-01,-2.616641152991757147e-01,-5.129489953369110733e-01,-4.582604482057255901e-01,-1.537567308888625695e+00,-1.471383146758095117e+00,-1.104857427432306416e+00,-1.126584024776035031e+00,-1.030651336634207604e+00,-1.514453589313869308e+00,-1.800102663135931536e-01,-4.619533197961305238e-01,-2.558100324474689713e-01,-2.494744743889248384e-01,-3.949844803316568398e-01,-1.126768199123755254e+00,-9.975249916239130599e-01,-1.316477525368818347e+00,-1.758087447630271929e-02,-9.922368520799781377e-01,-5.233281840246964967e-01,-7.519580250000741373e-01,-6.084090215412780722e-01,-5.136896401803888734e-01,-1.674195317216219170e+00,-1.352793835554222834e+00,-1.295675002110321827e+00,-1.499246555773058986e+00,-1.065318400384262176e+00,-1.607437878372921514e+00
8.981964485810536303e-01,6.910936412194651490e-01,9.268365749453204572e-01,8.275842525114741610e-01,-4.137292833465197606e-01,4.518109857795900020e-01,1.016856031560768314e-01,7.046630590498250690e-01,1.081736051725187275e+00,-1.127049636338906202e+00,1.530086098133121686e+00,7.951803643812764832e-01,1.589103730388488067e+00,1.078083444836403837e+00,-8.910334635321769114e-02,1.838696095609285486e+00,4.221807559873511084e-01,1.526288150903558849e+00,8.448507026392654273e-01,7.246747773396702286e-01,8.645269358902876178e-01,2.813113265213693093e-01,9.237779138686073033e-01,7.371729817104634153e-01,-7.864003565521845429e-01,2.193060840234948572e-01,-2.141560798868607784e-01,5.918047195541134009e-01,2.567745890974267309e-01,-5.063779667847784216e-01
1.107713766571197800e+00,-5.479607810510823684e-01,1.054433352185883965e+00,9.466073855894866496e-01,-4.511186482397956943e-01,3.735858276108945941e-01,2.532341399291541117e-01,3.750854034525480385e-01,-3.313782701428218402e-01,-6.882695318941456364e-01,-3.656213044228605047e-01,-1.131081802878063591e+00,-4.530132850639402298e-01,-9.115937769969736926e-02,-9.405925844088298682e-01,-5.399380185505514573e-01,-9.572247941861511400e-02,-3.405244011251375436e-01,-9.339144251615937309e-01,-4.972778091217615604e-01,8.624461935815691538e-01,-5.802966630859686115e-01,7.857971013610610678e-01,7.318824306521347633e-01,-2.269203862265352922e-01,8.949789118156027679e-02,7.381890781543003488e-01,6.025319888302513860e-01,-9.990517425194929413e-02,-9.074607962898927072e-02
-6.675208061290730521e-01,-2.452372574281646012e-01,-6.948773035315213287e-01,-6.297440143465584672e-01,2.830071509147091824e-01,-8.486345705077970036e-01,-7.816546627232398015e-01,-3.453560958937743064e-01,-6.992250394950612069e-01,1.572259770551807587e-02,8.590580022638092395e-01,1.667394239042067516e+00,6.185543890799729549e-01,1.915612902834744058e-01,-4.562262062995026679e-01,-8.385451059422522890e-01,-6.260827980574367180e-01,3.858735647192056972e-01,-5.909018660815382740e-01,-3.816197453826136732e-01,-5.982349071385488770e-01,-3.541658305645022931e-01,-6.600018470875780308e-01,-5.702985365045061261e-01,-7.733891944515882688e-01,-1.117266233915150675e+00,-1.020207252807241227e+00,-6.525585164778866520e-01,-1.469555465513555648e+00,-8.255338963281576570e-01
-3.164377327401837192e-01,3.742899537071095462e-01,-3.446035698808124215e-01,-3.806979799676843967e-01,1.276701425578298243e+00,-5.290561804283702152e-01,-7.248397083719032574e-01,-5.741929357737671769e-01,2.655100451330806077e+00,-2.619863291582539833e-01,6.428921432165182748e-02,2.204801206958825477e-01,7.127637707825957604e-03,-1.121408965380287504e-01,9.145411883968310868e-03,-7.648348879734900851e-01,-4.152466643413579295e-01,-5.788608597177681558e-02,1.094759852826163060e+00,-8.216232487380673577e-01,-4.317755224410994019e-01,-2.353233492393524140e-01,-4.884257063173246816e-01,-4.590206125776588042e-01,-7.946054908644101245e-02,-9.186144920336628550e-01,-9.249727370031251006e-01,-7.849636686862175861e-01,4.612709867510697004e-01,-1.094769126874417742e+00
-9.959533586541629013e-01,-5.515504492075127413e-02,-9.303139376657225679e-01,-8.686364165197255627e-01,8.167980148937915852e-02,2.114117192123793620e-01,-3.152933301098299612e-01,-5.749820283250774988e-01,4.043152685616578923e-01,2.989857031065663584e-01,1.714132991732860156e-01,-1.050872322911507520e-02,2.763487448337437202e-01,-2.749066184353870512e-01,1.575010368221193002e-01,5.474222041857143006e-01,2.230838421269054281e-02,2.793076270980738296e-01,1.772209657009272465e+00,-1.804752867058347088e-01,-9.061847688288299230e-01,-4.284423813927210056e-01,-8.645733995444183639e-01,-7.974395286087523349e-01,-4.437730879031431819e-01,-8.019706426062209528e-03,-3.967845188284891411e-01,-5.351715412561487417e-01,5.544867822911212635e-02,-4.486045735633932274e-01
-7.071592176407219821e-01,-2.358504815018727663e-01,-6.380761575341092895e-01,-6.926401249541337402e-01,1.564311924757339378e+00,8.524764300582742260e-01,1.650512839514698127e-01,1.935941166511744582e-01,5.317869213074836177e-01,1.359833803726179458e+00,2.858118603777377170e-02,9.929068147810744538e-01,8.156219874443514095e-02,-2.590115284063481682e-01,2.489271565651334672e+00,3.456606586507811052e-01,5.227717030926591901e-01,1.036402945122832486e+00,-3.066914599866352731e-01,5.016199401284564541e-01,-5.982349071385488770e-01,-2.239723686512532994e-02,-5.688145275173732696e-01,-6.152682205003002780e-01,2.015336549109594699e+00,2.264100149750434554e-01,2.103833279146206381e-01,4.201684111359066387e-01,-3.884194717167782640e-01,4.954014535394312690e-01
2.469939737468239971e-01,1.411528693562378534e+00,1.505542463140202014e-01,1.252913582833918016e-01,-1.347470991428496856e-01,-9.980255433031349765e-01,-8.178096336740903194e-01,-5.073830997628268058e-01,-8.958955894457630853e-01,-1.071507850966151976e+00,2.870728110533771638e+00,1.820770831408266233e+00,2.522435791178698761e+00,1.397256852619504830e+00,-3.473903346197464159e-02,-7.906603658019615288e-01,-4.560436119289595358e-01,1.157283710185609271e+00,-1.554767157096494046e+00,-7.422430248674101172e-01,-2.590739108174956451e-01,-5.540903723322245650e-02,-3.468453943530592776e-01,-3.142358652813965203e-01,-1.633427009301016808e+00,-1.300870558417449141e+00,-1.198150459545654911e+00,-1.305542721986796995e+00,-2.124260986683744523e+00,-1.616973292788101757e+00
-6.307137097253988633e-01,4.658110189884570040e-01,-6.376645550268814633e-01,-6.221287901922780694e-01,1.427970325649257910e-01,-4.277450609464743536e-01,-7.980314788333811027e-01,-6.967653120773035225e-01,7.575938490286596716e-01,1.988823160847498148e-02,-4.501185198668887222e-01,5.787412792848207685e-04,-4.486632133150475488e-01,-4.353410604618196955e-01,9.516784992393727549e-01,2.633419480725285866e-01,-5.145919031233804342e-01,-4.163929865658539398e-01,2.458037691030254546e-01,-5.561844005913895161e-01,-6.627379187088102697e-01,2.763595564661551207e-01,-6.603018053756376515e-01,-6.244385090014034079e-01,4.800194212392082105e-01,-2.198460111631493907e-01,-7.563043776874013302e-01,-4.835274020267418260e-01,2.694565362387382756e-01,-5.809785619153045033e-01
-1.448963775930149023e+00,-1.122900806536469620e+00,-1.462104377003813793e+00,-1.150963800906195544e+00,-1.847467621754042888e+00,-1.382473576741968024e+00,-1.073527318458520563e+00,-1.178585223907385071e+00,-8.371905909378932198e-02,7.738679680436186814e-01,-8.040168991952247879e-01,1.890656379220826411e-01,-8.285694793850141293e-01,-6.417864897589768969e-01,1.309738720980789528e-01,-1.116545614149985433e+00,-9.075817364118883290e-01,-1.339540302913690306e+00,7.884986393618275136e-01,-5.989275980602051241e-01,-1.359994666360251570e+00,-9.021617166749166250e-01,-1.385900904192496119e+00,-1.043097449417148992e+00,-1.427850648111591791e+00,-1.294347858180117994e+00,-1.242421123016845375e+00,-1.536945244943486610e+00,1.362960912549707193e-01,-3.268878130872719390e-01
1.433315003988312464e+00,7.755746245560932728e-01,1.466035859413508557e+00,1.392239021284414457e+00,-7.559857773695795036e-01,7.475402422710001327e-01,2.834682619786458302e-01,5.113353839787967425e-01,-1.602020507412843242e-01,-1.036794235108180251e+00,1.190886636681972310e-01,-2.396496564027129073e-01,4.711352909230522856e-01,2.998598370146594028e-01,-4.798059082764273287e-01,6.103718063926132364e-01,-1.794963641595681003e-01,5.027038803176017701e-02,-7.869090426987128684e-01,-1.520995505710749651e-01,1.482507401579568063e+00,1.076895715392513386e+00,1.778659034839275455e+00,1.430235170351525031e+00,2.896580175186324116e-02,1.984955831435679441e+00,5.350029877087715269e-01,8.676487866548032724e-01,4.565152565730776768e-01,4.679170237545003386e-01
-1.437072252476654377e+00,-6.688851482861647713e-02,-1.309399846822365099e+00,-1.156040617009049143e+00,2.830071509147091824e-01,1.785454536021496397e+00,1.368117390504161701e+00,2.104587876465101662e-02,1.890270534855853057e+00,3.425988219592647432e+00,2.237379346783746059e-01,1.308899553270471250e+00,4.402014473753704804e-01,-3.363676332143374914e-01,9.353037061998418222e-01,2.166356845558016442e+00,2.176138075173402076e+00,2.127510903452632274e+00,1.756284073909126331e+00,1.457056118843156334e+00,-1.284879869015527420e+00,-3.525152405460977856e-01,-1.154333105810265714e+00,-1.022640651991611360e+00,-4.090766556348860439e-01,7.882663720520737272e-01,8.906981672181206733e-01,4.869843445423874435e-03,3.645711397985721414e-01,1.213362068329457921e+00
-6.561955456971730882e-01,-6.113215185535543217e-01,-5.306479031476992736e-01,-6.272056062951316679e-01,9.603298764813523736e-01,1.266497389146248542e+00,9.700347835191870383e-01,6.804642208096418621e-01,3.157702967871488742e+00,1.520904981307166892e+00,-2.910233443446597623e-01,4.126628388414803061e-01,-2.790104151082303252e-01,-3.253470374608705695e-01,-5.115730067731174557e-01,5.753998051665583091e-01,4.256064538763863481e-01,1.039584017887642320e+00,4.374204926602264010e+00,2.925733777179470030e-01,-5.191666994072603458e-01,1.393605849385512185e-01,-4.551303363426771886e-01,-5.031085380637314586e-01,3.022002058643897260e-01,1.010425667264140737e+00,8.404992507551078962e-01,1.108246111848182558e+00,4.548028453038594598e+00,1.073135385753280602e+00
-6.161937302244147041e-02,1.289908054486575001e-02,-1.297470611079923619e-01,-1.451901218630864687e-01,-1.138507741277705376e+00,-9.608208949058285597e-01,-7.426022550759795449e-01,-7.254356747749118872e-01,-8.449069283474324177e-01,-9.465388338774544108e-01,-2.489515090398924380e-01,-5.105533725579500803e-01,-3.877622088305490156e-01,-2.471431945179991541e-01,-1.075848374915356009e+00,-7.971167352590793342e-01,-5.457346112055190268e-01,-8.937129549255810046e-01,-1.219349876110354280e+00,-5.759396599257161631e-01,3.639149702047694140e-02,1.459629450121711358e-01,-8.108235113200247535e-02,-8.198067382076584808e-02,-1.089994138899436527e+00,-7.184128015809280177e-01,-5.129591540714620868e-01,-5.008442795725072116e-01,-8.703334630866028654e-01,-4.396300658785182169e-01
2.356687133149240887e-01,-9.739553658906534295e-02,2.452228229763737666e-01,9.906114175198162120e-02,-1.032810882829407584e+00,2.495703329532064640e-01,2.017944913098867685e-02,-3.329936459232459844e-01,-2.439691368313981201e-01,3.017627923752049246e-01,7.065302134254088096e-02,1.305203731767671238e+00,1.994974772699717180e-01,-1.359133835798762360e-02,-3.926920093061224692e-01,1.244710105554442725e+00,6.292797647335734990e-01,5.369745210476766228e-01,1.590903018638385680e+00,1.992603240070079718e+00,3.099620080987036935e-03,-1.084310673629124838e-02,-9.361335583426289302e-05,-1.186618278251781872e-01,-1.380576759146091570e+00,-4.144834997944829222e-03,-1.175829263103976841e-01,-4.617663700665762261e-01,-8.405274032531032113e-02,4.662343035635860833e-01
-1.861972377733374928e-01,2.117883582015854138e+00,-2.466421731606379120e-01,-2.602646201944348037e-01,-1.479326182804869383e+00,-1.075296736128309893e+00,-9.597840317981618519e-01,-9.761040752411569432e-01,-1.420350389314302353e+00,-7.118747906775658718e-01,-8.241689547613738620e-01,-9.736052854491446251e-02,-7.048341051942870195e-01,-5.332548150406992704e-01,-6.704084992565682022e-01,-7.320150098998076116e-01,-7.883985925815435447e-01,-1.068035742437164259e+00,-7.538328316445646049e-01,-7.673860822020073247e-01,-3.214961800790393509e-01,1.666156351963049342e+00,-2.997519431276577384e-01,-3.463318750352572528e-01,-8.991637614240211018e-01,-6.912887015841058247e-01,-9.334826485559025722e-01,-8.638857212178038258e-01,-3.345211963662064747e-01,-7.436415137036699319e-01
3.287826399711880399e+00,-4.048124481751290693e-01,3.388219568166515927e+00,3.823469843873197771e+00,1.377365100290962818e+00,2.531455434654666270e+00,3.122956224460077035e+00,3.761870633676442477e+00,5.281448740861737212e-01,-2.147758115914125965e-01,2.095757833323269370e+00,-6.500706342886486411e-01,2.109178975033887404e+00,2.395468506443147572e+00,-2.030719059083535560e-01,9.035985859033827117e-01,3.063298819217952218e-01,5.067543297819823156e-01,3.401322228500406886e-01,-1.564097889712915967e-01,3.515392637197169101e+00,-3.228046202148102672e-01,3.665396666735942777e+00,4.156632482410255847e+00,9.310730407265531694e-01,2.201948631410256318e+00,1.771330587454977623e+00,2.473674243996596633e+00,1.244381222727034331e+00,2.401888912507889606e-01
1.082595334560532141e-01,-1.946590394068595131e+00,9.869233040333927343e-02,-3.857698370316050424e-02,1.032232501276112879e+00,1.198310462343943755e-01,-6.023456645237467572e-03,2.498827186446438697e-01,1.639401519552431963e-01,1.754052306521871885e-01,-3.857733599890094678e-01,-6.387983787051086937e-01,-4.496298959259125705e-01,-3.365795677480579728e-01,-1.038513846785225292e+00,-6.927387623690073326e-01,-1.246851979350040995e-01,1.686912400125609168e-02,-1.805118400393292133e-01,-3.636604187150440648e-01,-1.113412068985095565e-01,-1.577253034202505289e+00,-1.290756772215840842e-01,-2.318796204734127619e-01,-1.006768454992677114e-02,-4.775249611329598909e-01,-8.889783118867593259e-02,1.213373384434927871e-01,-2.539873479674646661e-02,-2.135846535657203171e-01
2.976381737834639551e+00,5.667188601960962968e-01,3.030125386878482541e+00,3.346813220883053663e+00,5.217238652333130444e-01,2.041117248085038138e+00,1.790135344111650317e+00,2.599274274745904112e+00,6.556165268319993356e-01,6.433447724176459825e-01,2.084090853784972719e+00,-5.585990520943495685e-01,2.026044270499492761e+00,2.115714921932063231e+00,-6.550161937994090078e-01,3.488888433793402855e-01,8.988806075093143388e-02,6.483120678160236849e-01,-2.184882305089065058e-01,3.374716943868709129e-01,2.847474356098653292e+00,2.301430359508187806e-01,2.957495106914616922e+00,3.112630406900056101e+00,1.157068824225066517e-01,1.072423610114019876e+00,9.141243282341935394e-01,2.043051005911630913e+00,3.994464944371775017e-01,7.203250523916194803e-01
-5.486055715941267064e-01,-3.156380768753550004e-01,-5.800402040150137717e-01,-5.733349465370739528e-01,6.295778024254538030e-01,-6.305580929789703637e-01,-8.062198868884516978e-01,-4.963358040444822983e-01,3.241902296928529936e-01,4.989361304484842274e-01,-1.269785411395169539e-01,5.697352527104786457e-01,-2.166593867074342594e-01,-3.312812044050449933e-01,-5.096080316083737571e-01,-7.449277488140433334e-01,-6.699940164532522946e-01,5.242502299884369554e-01,1.992520646564467091e-01,-1.481484987042096246e-01,-7.085142495006090391e-01,-7.618615651105030695e-01,-7.487895003533033833e-01,-6.732879304399718157e-01,-7.603780323509913286e-01,-1.027885866306574858e+00,-1.074708933538512490e+00,-8.484078041193763298e-01,-1.074829860740245335e+00,-5.669558936576867270e-01
-3.447508838199327408e-01,-7.662033213373724561e-01,-3.351367122145774702e-01,-4.010052443790986243e-01,-6.452557351856484935e-01,-1.627334885164302691e-01,-5.033747643593763366e-01,-4.576702690302765220e-01,-1.201395313068813614e-01,-5.648172327906183371e-02,-6.636595999011695168e-01,-7.973491211752270491e-01,-5.651484679242865239e-01,-4.965901407070495432e-01,-5.453050804345515035e-01,-5.383239261862718950e-01,-5.519631528219466343e-01,-6.855117424687724448e-01,5.714686160899500739e-02,-6.944712159316750455e-01,-3.651917685621196008e-01,-6.133084634540657554e-01,-2.979521933992984040e-01,-4.112293013507562489e-01,-1.440473858345846063e-02,1.329208642858392166e-02,-3.135977429754961410e-01,-1.989482728011969237e-01,1.020861904361424877e+00,-1.507630997715931898e-01
9.463288054166276719e-01,4.715673819617173912e+00,8.856763242225579313e-01,7.508679202905754746e-01,1.708390562348824637e-01,4.995092529556238725e-01,6.651740528534787478e-01,1.047655288019377462e+00,-7.236067446293317079e-03,-4.300002299108369175e-01,4.758154016724840396e-01,-6.404614983813687878e-01,6.947866610862178660e-02,1.892300104125487215e-01,-6.972631598413993048e-01,1.191496968635630538e-01,-2.118847805649922977e-01,2.936224545397184138e-01,-1.018442520077750268e+00,-3.812605588492621878e-01,1.305644305338528710e+00,3.191301528969141099e+00,1.022764148928368311e+00,9.364504049075117464e-01,2.154591251937463259e-01,7.798708172911523739e-01,2.366779984428655781e-01,1.416271986777286163e+00,-8.246749693264660008e-02,6.125964428358621205e-02
1.506929196795660619e+00,-8.566206668120014689e-02,1.490732009847165918e+00,1.445827635703424763e+00,9.459493515223997839e-01,7.856988560118273179e-01,1.722108569500293784e+00,1.870678819036041940e+00,4.375259365203634093e-02,-2.231070793973254640e-01,5.794040381791798477e-01,3.794004453162806434e-01,3.735003472256815393e-01,5.863953266048005375e-01,-5.570949314230136951e-01,1.449751746920345530e-01,3.032156111135814736e-01,-2.130374917646294525e-02,-4.169454968337957257e-01,-2.189082457744336574e-01,1.607351940102655474e+00,8.012471823189012410e-01,1.403711174764420866e+00,1.521938055362556108e+00,8.616801761900390044e-01,7.734126982442900422e-01,1.525116854326866278e+00,1.407077184540596049e+00,5.722380242375425530e-01,3.490047969299022723e-01
-1.226139276932523003e+00,1.771676592549769613e-01,-1.225432935347929631e+00,-1.015017947485337801e+00,4.785822903564575515e-01,-9.655907216234319579e-01,-1.033870228370270539e+00,-1.061141949187365707e+00,-1.678935742027262590e+00,8.530150121997940316e-01,-2.369309846671017739e-01,1.552823772455268925e+00,-3.510282696176769135e-01,-4.243204647083527181e-01,1.356135887315788491e+00,-5.921270049955873471e-01,-8.569125503622486706e-01,-1.056742934122089084e+00,-3.140417291097790109e-01,6.632538801365823744e-01,-1.105936030465769493e+00,1.245052747729075010e-01,-1.148633898337128034e+00,-9.009579776500508119e-01,2.943477550669498614e-03,-1.020459029402683182e+00,-1.214835623208122994e+00,-1.384924514630217818e+00,-1.539306174790767257e+00,3.372257555935033180e-01
-5.429429413781770020e-01,-9.328185940290557587e-01,-5.709849488560060360e-01,-5.541558634818493090e-01,-6.481318401774387450e-01,-7.282441441554876604e-01,-8.687037391240680639e-01,-8.248613362400121218e-01,-6.300261422901840547e-01,-2.036674545168621620e-01,-5.109282313998295688e-01,-7.306395430496877008e-01,-4.346463154575041510e-01,-4.463616562152866174e-01,-5.194329074320924722e-01,-6.163383904597794505e-01,-6.949081829189633908e-01,-1.073920727052062540e+00,-8.873627207150147633e-01,-6.305360129951275150e-01,-5.170859570985422149e-01,-6.859344242638798494e-01,-4.797269159635878522e-01,-5.182747844309404384e-01,-2.572797644612607182e-01,-3.871112944768859698e-01,-7.548701229313152794e-01,-8.983662296053900320e-01,-3.868342283241145707e-01,-2.388254564294325366e-01
1.798554652917075947e+00,3.484763199098065978e-01,1.762389664617397989e+00,1.818127483246022802e+00,-3.008421624187457843e-01,5.281282132612442615e-01,7.987080919054005967e-01,1.399853596754217389e+00,1.292974790561126630e+00,-1.189534144883254818e+00,1.525843560119195752e+00,9.855151717754745411e-01,1.116395933675476293e+00,1.278573513736014577e+00,-6.717184826997308900e-01,2.827110564438821139e-01,2.524529969396954177e-01,8.105467788213291946e-01,9.293787975554218539e-01,-3.956280201833178856e-01,1.455457751566232805e+00,2.664560163557255223e-01,1.346719100033042960e+00,1.354403938515480244e+00,-9.468713557928744029e-01,4.250719762976461549e-03,1.654433455572565104e-01,7.220644179072169822e-01,4.993168281750033910e-01,-1.122253556659348561e+00
-6.420389701572988272e-01,-4.048124481751290693e-01,-6.726507681412292605e-01,-6.252312889217997993e-01,-8.645587408096675475e-01,-9.005302851953218557e-01,-7.812767361976211689e-01,-6.701991961831894606e-01,2.331390491601204040e-01,-7.785249331248714766e-01,-6.894683728192199101e-01,6.525561757828400589e-02,-7.850687618960865422e-01,-5.550840720139126327e-01,1.984380194209468540e-01,-5.722198658361407064e-01,-5.824830067424426883e-01,-5.274124260577196521e-01,-3.250671327944955058e-01,-7.314674288668683300e-01,-6.606571764000922498e-01,3.537341377904507783e-02,-6.824987186920692395e-01,-6.334324458005622382e-01,2.328073413278742843e-01,-4.968993182735469971e-01,-6.836354700457063505e-01,-3.491300426671279933e-01,3.106728644479994639e-01,-7.739304771401249727e-01
1.716446514785803679e+00,8.329989999205614226e-02,1.725345438966912726e+00,1.679925267112785559e+00,1.262320900619345876e+00,8.639240141805226703e-01,1.567158693996648644e+00,2.041648871819944588e+00,-3.168100812575841974e-01,-3.091968467250953423e-01,1.098964979713573653e-01,-3.726992305035116693e-01,7.237871394121705992e-02,2.631951626810097311e-01,6.870618437205517903e-01,8.148754169704226780e-02,7.049565453731705400e-01,1.146149955508774410e+00,4.822374258974924111e-01,6.628586170657066456e-02,1.205768674520058870e+00,-7.686670747248550151e-02,1.166744127197112846e+00,1.061660113287957952e+00,1.516575335253396162e+00,2.677419768749630391e-01,1.224879525386179058e+00,1.580245959998251459e+00,2.012910703541912205e-01,-1.748820891746956374e-01
2.868791763731593392e+00,2.381817027758746930e-01,3.058937562384416164e+00,3.121176949645115162e+00,3.520063319174823402e+00,3.493052500923508941e+00,4.256735801316017032e+00,4.022271175608848282e+00,3.073935881781376001e+00,8.349639319536481530e-01,3.913685372290606423e+00,3.543023651713048228e+00,3.358616249576971136e+00,4.088825430870091537e+00,5.351585388961354717e+00,3.896663860065601614e+00,2.957820048035082472e+00,1.006182753857138401e+00,3.049931439582478365e+00,2.174710812479235145e+00,2.035984855698587559e+00,-2.551304294602109168e-01,2.213598552526106378e+00,2.109189222837043243e+00,1.651024010292893029e+00,1.108589076776449467e+00,1.461531560140383323e+00,1.695180987956872221e+00,5.024873149603308331e-01,-2.119019333748068390e-01
-7.666168349081948774e-01,-1.000872719494673158e+00,-7.553828720939821384e-01,-7.118192080093584950e-01,-3.705877084696632684e-01,-4.210673035418295296e-01,-3.412442848689770103e-01,-6.488936972978108786e-01,-2.345430383526865281e+00,-8.147552669680133142e-02,-2.390522536740649906e-01,-1.749727801037133101e-01,-4.621967698671582969e-01,-3.666742715363716654e-01,1.201665086919884856e-01,6.265127300354079720e-01,8.198731381962621745e-01,8.312237517925933350e-01,1.318745976942927167e-01,3.460921711873041762e-01,-8.042283957016425067e-01,-1.293351551036869163e+00,-8.393769033473880148e-01,-7.226664069843732330e-01,-8.427820589881025448e-01,-5.924794801671107169e-01,-5.249112770388461024e-01,-7.849636686862175861e-01,-1.734291112088426123e+00,-5.383496504121467741e-01
2.596985513366001364e+00,1.756492708853611306e+00,2.758467732108250470e+00,2.906822491969073941e+00,1.319843000455153792e+00,1.999142772970128323e+00,3.318218262696378318e+00,2.991190241896696467e+00,1.416804396085643347e+00,-6.481299108497563799e-02,5.369786580399187326e-01,6.602828795290779373e-01,8.742419396537799425e-01,9.131983776018403054e-01,7.656608503103008445e-01,1.375989617849172397e+00,1.767545745135742363e+00,2.028897647743524768e+00,1.441250462328660664e-01,4.937178363947257731e-01,1.848718047913957108e+00,1.179232296533614610e+00,2.096614820182751693e+00,1.955763242145510450e+00,9.570953649277457176e-01,1.058861560115608835e+00,2.460250955294994046e+00,2.438427502089286047e+00,4.644414735363971425e-01,2.104608345446392359e-01
1.761747556513402424e+00,5.455986143619392381e-01,1.811781965484713597e+00,1.719411614579424707e+00,1.528360612359960014e+00,1.600385259378485303e+00,2.111372890887500020e+00,2.686074455390039528e+00,2.760719820748776421e+00,5.475351926496430099e-01,5.946064660624152953e-01,-3.320451939727120383e-01,5.576533845954744217e-01,6.143706850559090826e-01,-4.925782468472615361e-01,-7.131320212141378789e-02,-2.876565704201697327e-02,2.856697726276936633e-01,8.705766445702693979e-01,-1.707772503053472946e-01,1.886171409470883242e+00,1.043883915024415687e+00,1.919639430227420229e+00,1.871114425212251131e+00,1.199970390805547904e+00,1.268750429138637115e+00,1.242090582459211889e+00,2.364869084195769133e+00,4.205615880223191994e+00,1.039480981934998605e+00
-2.598114305806856761e-01,-4.118525301198483479e-01,-3.190842144327000751e-01,-3.180839146991564226e-01,-1.696472109685045693e+00,-1.113836936006545208e+00,-5.736690981244445542e-01,-9.792604454463981201e-01,-1.179975272707888712e+00,-8.896085038703809289e-01,-8.450280999965105178e-01,7.360472203364770705e-01,-9.595549731572289298e-01,-5.618659770929692598e-01,-2.384414588737403806e-01,-5.350957414577131033e-01,-6.333406301319080556e-02,-1.035588800236103113e+00,-1.168095076387475340e-01,-5.640865043251203081e-01,-4.775518532328981158e-01,3.770455475888516150e-01,-5.646151114845348040e-01,-4.849443127634696094e-01,-9.295231396587458894e-01,-6.583522944451074554e-01,-2.141560798868607784e-01,-9.881687981170589330e-01,-2.187984287017415985e-01,-6.667972916519251392e-01
5.810891564878641891e-01,-7.310029116137772842e-01,5.934385440909440979e-01,3.782860274089300257e-01,2.197328410953195699e-01,7.666195491414137253e-01,-2.820357958553890154e-01,1.496679646282331744e-01,6.519744796106904383e-01,4.114578184863950105e-01,-8.043704440297186897e-01,-1.318829535220301663e+00,-7.294845117713459892e-01,-5.332548150406992704e-01,-8.118867111181161667e-01,-4.043542599510764335e-01,-4.146238101797151687e-01,1.050697847163625104e-02,-1.511107635467529575e-01,-4.470277709900902924e-02,1.529130663086912256e-01,-1.055666588386568794e+00,1.798813594800958426e-01,-2.731164621803579620e-02,-3.483578991654358026e-01,1.458371023795626380e-02,-3.021237049268074015e-01,1.673113496269408862e-01,3.931055208665226175e-01,3.215203671449712863e-01
1.790060707593151834e+00,6.089593518644103032e-01,1.725345438966912726e+00,1.801204762903177325e+00,-3.051563199064317167e-01,1.808848282197178803e-01,1.145351050271107285e-01,7.777856354712482378e-01,-7.028670867163701041e-01,-9.979149853472517595e-01,6.225365079874285446e-01,-5.282933157713899375e-01,6.572216935145751560e-01,6.860045574534443524e-01,-2.557987394956433014e-01,-3.537793658703198840e-01,-2.825787279114471695e-01,4.319991198089494500e-01,-7.501576970829926250e-01,-6.876466717979986543e-01,1.680177920907789169e+00,1.377099949201467111e-01,1.622680725048135431e+00,1.592478736140272355e+00,5.065107191952409466e-02,-9.778756117744975829e-02,-2.100977273393457578e-02,9.549994079033548022e-01,-4.692668847426368917e-01,-9.264971077830057578e-01
1.331387660101215786e+00,6.535465375142969213e-01,1.309626906667011426e+00,1.285061792446393847e+00,4.354407154796010593e-01,6.731309454763870770e-01,8.881507029684801990e-01,1.030032221040114049e+00,4.807982602091528945e-01,-1.995018206139052563e-01,1.474579559117588756e+00,1.345857768298470925e+00,7.901405525085204440e-01,1.352750600538196180e+00,3.553085367396536798e-01,8.202038137489435776e-01,6.348854521883584567e-01,1.025269190445997847e+00,3.989343758351932001e-01,2.494709937157800206e-01,1.336855439969300230e+00,8.903790433127636295e-01,1.145747047032921406e+00,1.280336223698878229e+00,3.238854760320505899e-01,6.042099792164947747e-01,5.574729788874535075e-01,8.676487866548032724e-01,1.616599855375937811e-01,-4.082538063187009930e-02
2.149637726305965835e+00,-4.540930217881624098e-01,2.017583219098526115e+00,2.514779470693156771e+00,-1.369041778866916526e-01,-3.434145245792463719e-01,3.514950365900022522e-01,9.566466137682541060e-01,-3.423044118067495312e-01,-1.696352936409640133e+00,2.845979972119202728e+00,-2.803036929335125382e-01,2.356166382109908586e+00,3.900203695858829533e+00,-4.653960904016401501e-01,-7.809758116162847097e-01,-3.694668834606140706e-01,1.209751485404114181e-02,-9.731158604850285165e-01,-7.246428847331919387e-01,3.020175967722256605e+00,1.492641250489807891e-01,2.771520968317489508e+00,3.996152433640951518e+00,2.067850171266817361e-01,-5.808548658827584754e-01,5.500572933862810793e-02,1.039285095073009924e+00,-6.262059806163629005e-01,-1.061675629786440256e+00
-4.721600636788041427e-01,-6.512153162402950501e-01,-3.717693353578361282e-01,-5.011313397409338233e-01,-4.343076565350340035e-02,9.058984892954325963e-01,8.251629486987061002e-01,4.737966037571181982e-03,9.870428239711456220e-01,1.457031928128498910e+00,-3.505688417111789412e-02,7.970384284884751702e-03,1.037127959584541514e+00,-2.094188475157467977e-01,8.021201367553293382e-02,2.640361969868085801e+00,2.447079635488007998e+00,2.436074961639193681e+00,1.438997456760075844e+00,2.085632552208090296e+00,-5.108437301723880442e-01,-7.437050749080497125e-01,-2.784549046754062340e-01,-5.226835769795477038e-01,-6.085811411773660584e-01,9.904054982188672529e-01,1.027908538883689715e+00,3.067658502167343593e-01,5.167545054943061267e-01,1.095571654965469488e+00
-6.137258190775497502e-01,-9.914859435683809341e-01,-6.030899444197608261e-01,-6.421540092646451647e-01,1.442077462606247140e+00,3.239796297478192977e-01,-9.723815826521168271e-01,-7.998734054485187039e-01,2.360094626404752649e+00,4.239547201952638122e-01,-1.450093276987028945e-01,-2.821516036849123221e-01,-1.949090279629705769e-01,-2.844436724528104365e-01,-3.894170506982164159e-01,-7.884563315471783407e-02,-7.788066384922449625e-01,-2.185302605946774224e-01,8.289251195391197369e-01,-2.537493395095185011e-01,-7.126757341180451899e-01,-1.290050371000059481e+00,-7.202934629876143191e-01,-6.715244134205289317e-01,-9.680876522057017819e-02,-4.148812063783943738e-01,-1.163537111432110693e+00,-1.019431125721804055e+00,3.471334624792694612e-01,-4.469218533724797493e-01
-7.577594856231623099e-02,-4.634797977144542447e-01,-1.416835338175937153e-01,-1.852405600078202985e-01,-5.676009004073073738e-01,-8.062785092554789479e-01,-9.410136810257689888e-01,-9.697913348306742565e-01,-7.174352756016076915e-01,-5.355296221190700701e-01,-6.488107168524280821e-01,-6.404614983813687878e-01,-6.589166811781969058e-01,-4.696744549245436828e-01,-7.827395795077510821e-01,-8.859456183732592471e-01,-7.379785481965610572e-01,-1.126090320394945055e+00,-9.927165781467460759e-01,-7.587656054015741169e-01,-1.550367953815898203e-01,-3.228046202148102672e-01,-2.040652492365549742e-01,-2.664445540544937430e-01,-6.866481137809448132e-01,-7.603905753855335625e-01,-9.248293115275164622e-01,-9.676337397884521296e-01,-8.576515159452917647e-01,-6.757717993368008713e-01
3.036202759063220680e-01,-1.402157390343657273e+00,2.374023753390489822e-01,1.619572523595567415e-01,-1.158640476220237581e+00,-6.540256404295788917e-01,-6.924640026772391765e-01,-5.710365655685258890e-01,-3.277362229215119438e-01,-1.015966065593396639e+00,-7.909357403189527513e-01,-1.460194707702400230e+00,-7.348012661311036364e-01,-4.737012110652336072e-01,-6.474837890012249408e-01,-5.802903276575379632e-01,-5.391946425082698724e-01,-4.356384767929538659e-01,-5.026986366038098675e-01,-7.375735999338419724e-01,-7.304091462603696204e-03,-1.618517784662626857e+00,-7.808276825140381128e-02,-1.020847678424149224e-01,-8.210967888204416809e-01,-5.104613682719582046e-01,-6.616435637857197571e-01,-4.965533718620520065e-01,-6.626665786476324538e-01,-9.091089991435594708e-01
4.621739219529173437e-01,2.499151726837398890e-01,4.411456164167227856e-01,3.015696951880309506e-01,4.857725528359328471e-01,3.201637683737365014e-01,3.250401797966969153e-01,4.297958203433968616e-01,4.516618824386786635e-01,3.793931185462091904e-02,-1.934449700243592585e-01,-5.207168816906497799e-01,-2.968940434092338099e-01,-1.670319407716431559e-01,-7.280477707557173606e-01,-1.019809570427234746e-01,-2.797758841840546906e-01,-5.180282614015304654e-01,-3.495680298716421497e-01,-2.476431684425448310e-01,6.918253242666835279e-01,7.847412821348523915e-01,5.638279681967470758e-01,3.721249586857821590e-01,1.026488229464261215e+00,1.261000686282402361e+00,5.880704136839567386e-01,5.167138346211480604e-01,1.724709970704194850e+00,1.263843674056881472e+00
-8.657128636873167027e-01,-9.914859435683809341e-01,-8.393497835684178288e-01,-7.910739482816843138e-01,5.432946526717418179e-01,-2.413402328225340288e-01,-4.400090835639833275e-01,-3.911234638697728139e-01,-1.274236257495001690e-01,8.766202709832152662e-01,-8.552809001968320057e-01,-7.025512996284080103e-01,-7.265844639387507575e-01,-6.203599083998324604e-01,1.398162603394257353e-01,-3.693822587250214506e-01,-1.633021559568559877e-01,-2.853327886556856208e-01,3.560578059501863235e-01,-3.245090865797425339e-01,-8.978617995939577323e-01,-9.302217469877995804e-01,-8.201795729115555211e-01,-7.706340699132201433e-01,4.453229889709511280e-01,-2.049923373553658723e-01,-2.136779949681654744e-01,-1.024028493159555436e-01,6.277215429807789793e-01,3.888291747815367239e-01
1.161508753622720436e+00,-1.138223944600764703e-01,1.169682054209618682e+00,1.067886881379878528e+00,1.370174837811486634e+00,8.562922914323569668e-01,1.112387108168877203e+00,1.518217479450765239e+00,1.023463296184238702e+00,4.765912429485305579e-02,1.526197104953689543e+00,7.212639343252772450e-01,9.757436137946107202e-01,1.244875922874452145e+00,-1.011986682061185139e+00,2.138431155679583473e-01,-1.449279581883941570e-01,-4.249818830308407791e-01,7.554224283076793611e-01,4.689339655934799400e-01,9.082225243733682563e-01,-2.320221692025427607e-01,8.397895932118396578e-01,7.830244242159789536e-01,-1.531904676564881385e-01,-1.488067016476629645e-01,-5.877848131086826217e-02,2.807139105461136097e-01,1.838533930348876522e-01,-2.242418814415103323e-01
1.532411032767434733e+00,3.117575218165955064e+00,1.486615984774889876e+00,1.603773025569981581e+00,-8.300454809081829755e-01,1.789768975326764544e-01,3.225206696259060313e-01,4.758262191698322541e-01,-1.394856058765137075e+00,-1.336719876121055250e+00,1.192097236357008372e+00,2.186322099444823475e-01,9.008257114525692888e-01,1.479911320770507244e+00,-4.748934703645682487e-01,4.328735574242834061e-02,-1.925763015540663536e-01,-1.771763146521485865e-01,-8.885877655688720900e-01,-5.619313851250118397e-01,2.427164409737593065e+00,3.280433389963003599e+00,2.192601472361914272e+00,2.821650098691976805e+00,4.019524486356294002e-01,1.013654726787571958e+00,5.971540271391686527e-01,7.404540223805963217e-01,-3.044015719055922498e-01,-4.592618014391832149e-01
1.606025225574782000e+00,1.392755141709794975e+00,1.585400586509519982e+00,1.516338970465280545e+00,4.138699280411733405e-01,1.054717082884658153e+00,2.086177789179589848e+00,1.752314936339493645e+00,1.424088490528262252e+00,-2.258841686659640302e-01,3.298013850265273939e-01,-6.812901726315109298e-03,-4.507322327888704794e-02,4.929321972340518498e-01,-6.406063759246218847e-01,3.311338273722659320e-01,4.586177244434535005e-01,-2.328450880363219788e-01,-5.872267315199664051e-01,-2.142388208408655681e-01,1.330613213043145615e+00,1.327785398190051813e+00,1.247732864973281064e+00,1.255646985426677409e+00,-1.748757378241490024e-01,8.612431172816188418e-01,1.399380520709986087e+00,9.044279956015617294e-01,6.340625165514347517e-01,4.387153564414075779e-02
2.639818643946736376e-01,-2.699471714187494722e-02,2.213498775571716148e-01,1.340347637938619774e-01,-2.584196137898375767e-01,-3.367367671746015478e-01,-1.768462462248657496e-01,-1.296707985356201076e-01,-9.104637783310006727e-01,-5.008160062610984564e-01,-5.662311907524224946e-02,-8.660812477715296512e-03,-1.103242995122783593e-01,-3.351318452771633039e-02,-6.671335406486621489e-01,-5.022758633840306297e-01,-9.821389606518621251e-02,-3.930121017445009080e-01,-1.109095839263193328e+00,-7.551737400680601509e-01,2.798383471404962686e-01,4.166597080305680101e-01,2.008784396442877818e-01,1.587393993331906727e-01,-3.006503047965818354e-01,-2.753858349661661431e-01,5.739615393210491939e-02,-3.344183254078306189e-02,-9.876414741437313793e-01,-8.036585338462739481e-01
-8.430623428235174410e-01,-1.200341707928378909e+00,-8.496398462491083770e-01,-7.608950970036100214e-01,-1.654049561056137430e+00,-8.200156102021767257e-01,-5.523792371812608071e-01,-8.829911541865391733e-01,-4.406396867820999708e-01,-2.675405076955292283e-01,7.136011101152868463e-02,-7.271285126220277117e-01,2.280146142904909135e-01,-2.380300095680168426e-01,-4.742384786429869048e-01,4.430442312956420214e-01,3.807609542381067413e-01,4.479044836329991730e-01,1.279741625758621160e+00,3.629739382548196058e-01,-8.562469534195954468e-01,-1.603662474496982959e+00,-8.243789889443938756e-01,-7.468265901507409321e-01,-1.860254935254749054e+00,-8.210968944260403912e-01,-7.386152356956730003e-01,-1.148771343851238580e+00,-5.215799167005458203e-01,-7.677605031067724628e-01
-3.334256233880333320e-01,-7.075359717980468366e-01,-3.581864526193239695e-01,-4.139793299752801414e-01,2.190138148473722290e-01,-2.911372237543133901e-01,-7.046836270055754081e-01,-6.412658026351443219e-01,-2.767475618231822754e-01,-1.050807854802224967e-01,-9.058378115294511979e-01,-5.500986626379096300e-01,-8.993789806308792878e-01,-6.084915745114833907e-01,-1.343412493181292744e+00,-6.878964852761689786e-01,-5.198861634973439561e-01,-7.294105466231490809e-01,-2.295136341936225566e-01,-6.639403605968069444e-01,-4.941977917026430522e-01,-4.152376612454823368e-01,-5.223209928680914160e-01,-5.221545218737149163e-01,-6.215923032779623325e-01,-3.677369373362987526e-01,-4.474615202101975275e-01,-4.643715640336383843e-01,6.213805694101232069e-01,-3.100606111781301633e-01
-2.484861701487857677e-01,2.217548449048635795e-01,-2.063051274523305390e-01,-3.144173252915400396e-01,-9.278330506290571877e-01,3.564144514275224829e-01,1.524537330975150873e-01,-5.247431358916537780e-01,-7.647818894786284627e-01,2.170615696817543017e-01,-4.278451952937765701e-01,-7.191824963910078417e-01,2.468649252023595586e-01,-3.446330800294377661e-01,-6.746659454468463268e-01,2.202404908360258151e+00,1.370476217088473891e+00,2.840792362452885245e-01,-6.509290639205480566e-01,1.549007871381112178e+00,-1.654405069251805582e-01,-5.891336681076475221e-03,2.368734342114738878e-01,-2.530418247067275916e-01,-4.958177363055294995e-01,2.014017367146559767e+00,1.821529503917990400e+00,3.297528558084581451e-01,-9.514944407395813097e-02,2.301521125120592703e+00
-3.022811572003089586e-01,-1.396360282573794187e-01,-2.795703737388477994e-01,-4.015693350571936104e-01,8.956175141660680517e-01,5.109568370778717616e-01,8.984390535335928796e-02,2.038523198182086715e-01,8.158666045696081337e-01,3.128711494497553591e-01,-3.231959242835993895e-01,5.678873419590788618e-01,-1.296579517295794737e-01,-3.921064155828338782e-01,2.678671419085581484e-01,7.362710108064115522e-01,5.697971922966884595e-01,1.092071718507005906e+00,9.832807711251447813e-01,6.804948337374489009e-01,-4.255332955149451757e-01,-1.131796878773922849e-01,-3.864398883769640802e-01,-5.039902965734529561e-01,1.200439364560383360e-01,8.433139594407020045e-02,-8.268272724563638376e-02,1.780386189030789268e-01,3.296957851599667255e-01,-3.914266044095662811e-02
-7.577594856231623099e-02,9.738006388149472725e-02,-1.318050736441303550e-01,-1.742407917849708721e-01,-6.402225514500151649e-01,-7.692646539268767070e-01,-9.508397706918538805e-01,-6.667797951275113988e-01,-9.323160616588561656e-01,-8.368438077662633257e-01,-2.125363910870267936e-01,8.783363481942755291e-01,-2.548433498366040051e-01,-2.212871814040958951e-01,-3.776271997097539468e-01,-7.901223350138684154e-01,-8.412166254888507888e-01,-7.721959753098424084e-01,-5.310717523816543134e-02,-5.367883277904145212e-01,-1.259064030595360706e-01,4.084067579385441960e-01,-1.860677519529617130e-01,-2.255309592034182575e-01,-8.557932210886993740e-01,-8.953652634649581499e-01,-1.085561461192896981e+00,-8.471818304878175887e-01,-6.214502504383708770e-01,-8.277775232493763680e-01
-2.314982795009361549e-01,5.596787782513770182e-01,-2.733963361304337369e-01,-3.053918744420224263e-01,-7.135632287406713514e-01,-7.610605519725989199e-01,-6.986368025956770644e-01,-6.323227537202941173e-01,1.461621588156210641e-02,-8.049072811769303337e-01,-4.946651690131128598e-01,6.214767537496781458e-01,-4.012957653826598192e-01,-4.046105530723445032e-01,-4.883208006569834669e-01,-2.789930863253714532e-01,-4.632064347878515065e-01,-8.739903037837596367e-01,-2.797404732017735873e-01,-6.696873451304291569e-01,-4.234525532062271003e-01,6.048269701287224409e-01,-4.248345492486292341e-01,-4.510847859901657708e-01,-7.603780323509913286e-01,-5.556682015999950819e-01,-7.333563015900239623e-01,-8.894779207765900475e-01,-4.248800697480482613e-01,-9.696869260164678872e-01
-3.957145557634811350e-01,-1.268395833393996197e+00,-4.158108036311916611e-01,-4.576963575276306595e-01,6.658025028248032440e-02,-3.756585531902451591e-01,-9.576424481529894894e-01,-7.638381789386807785e-01,-6.300261422901840547e-01,-2.439352489121090206e-01,-7.824506642911004395e-01,-9.416709508595655365e-01,-7.338345835202386702e-01,-5.656807986999385918e-01,-3.029581434494925674e-01,-7.443897180259502200e-01,-8.177973090110824961e-01,-6.228446090020169912e-01,-8.371358817068637048e-01,-8.722685499406135357e-01,-5.691045148164951550e-01,-1.329664531441775877e+00,-5.568161959949777806e-01,-5.701221848025618266e-01,-7.512349505290932816e-02,-6.816015230138121606e-01,-1.062613385095519947e+00,-7.777610736008107040e-01,-8.497252989819722435e-01,-8.216075492160246352e-01
-5.995692435376750451e-01,2.122576969979000250e+00,-6.220236597522318389e-01,-5.975908456951523062e-01,-8.178220346930734630e-01,-7.463694856823803736e-01,-6.090682160240578069e-01,-7.583145310795086358e-01,-7.137932283802977951e-01,-2.383810703748337756e-01,-7.453284566692469637e-01,9.282299384820752453e-01,-6.487665137641138724e-01,-5.555079410813538177e-01,1.129615997545950212e-01,1.369566239730473332e-02,-1.063110001665422688e-01,-4.338888867723083020e-01,-3.826442409257903021e-01,1.729642621119338863e-01,-6.544149494739379680e-01,2.037539106104143460e+00,-6.609017219517576702e-01,-6.230276953858490119e-01,-4.654583580708040458e-01,-4.336097516142954356e-01,-4.469834352915020848e-01,-6.593013714514589507e-01,-7.260763143541884013e-01,-1.081341882684355021e-01
1.549398923415283846e+00,1.364594813930918527e+00,1.474267909558061307e+00,1.513518517074806224e+00,5.361043901922655230e-01,-9.366639764553300052e-02,9.649957631776052702e-01,1.113939062329444729e+00,-5.389749617574514096e-01,-1.228413394644183310e+00,2.311623762027452400e-01,3.184193905200813912e-01,2.791131384142449268e-02,3.413990056238810911e-01,1.608307700124566475e+00,-3.414046577441772756e-01,5.059546407283043168e-01,4.924395023403377869e-01,-5.100489057269537163e-01,-7.232061385997863301e-01,1.083004878305690033e+00,8.953308133679783731e-01,9.807699885999853207e-01,9.593761261602694601e-01,9.223989326594885796e-01,-4.407136825658440338e-01,5.885484986026520149e-01,4.967917631083205166e-01,-9.702037968244282551e-01,-1.287721042099237767e+00
1.846687009752649988e+00,-4.306260819724320177e-01,1.766505689689675140e+00,1.919663805303094772e+00,-9.232455051394050649e-02,7.594864043244330121e-02,8.037471122469826978e-01,1.081849298576158303e+00,-8.740433061179075924e-01,-1.107610011458441956e+00,7.483984690672366158e-01,-1.007456573609404993e+00,6.093709042767548878e-01,7.830705738974418351e-01,-2.548162519132712855e-01,-3.596977045393445205e-01,-1.872820411801027762e-01,6.776628823821452541e-02,-9.571902773848831592e-01,-7.576880458015197162e-01,1.900736605631909937e+00,-3.904788109694090625e-01,1.790657366361670944e+00,1.885222561367794425e+00,1.069858769799582943e+00,3.407187221045081538e-01,6.755599538052078357e-01,1.486765470591906668e+00,-3.424474133295259404e-01,-7.470069540854984425e-01
4.030797086465523482e-02,1.091135337893591045e-01,2.448112204691459404e-01,-6.903788032028235211e-02,-1.249237783461636386e+00,2.283424445339290010e+00,2.663145618290724048e+00,7.812050365269260777e-01,-3.896510256837703023e-01,2.073545745766074422e+00,-1.386455206778136606e-01,5.309291269310791872e-01,2.613651643653353007e-01,-2.293406936854755773e-01,-5.538199728151076418e-01,2.626911200165757077e+00,3.446760564924659320e+00,1.753734853587467502e+00,6.231175840910864183e-01,3.289984998535303795e+00,-1.945708992472339471e-01,-2.980457699387369930e-01,-3.093196236432927803e-03,-2.962479916830788040e-01,-1.823389975969725629e+00,1.075652669637451098e+00,1.930054780461837982e+00,5.565579776468030371e-01,-8.037532405947190872e-01,1.364806885511729684e+00
-3.702327197917069657e-01,-1.437357800067252445e+00,-4.359793264853450978e-01,-4.105947859067110572e-01,-6.006761078128972642e-01,-1.256931737534646931e+00,-1.004089618151521091e+00,-9.200785040981241947e-01,-1.256458264355383658e+00,-1.981132759795859455e-01,-3.999151533687631543e-01,-3.932110398440512578e-01,-5.221310917407916419e-01,-3.874438558409825095e-01,5.059566327033390154e-01,-1.036863254433389114e+00,-8.297561089146238134e-01,-7.135051827990996909e-01,-1.215674741548782078e+00,-1.686221311052389649e-01,-5.420548648031594530e-01,-1.549193003889622888e+00,-6.120085209979964080e-01,-5.401423954720324661e-01,-6.649628436132839493e-01,-1.280592064610301062e+00,-1.180939402472621857e+00,-1.138350567982989947e+00,-1.778677927083015531e+00,-5.989275772850551904e-01
8.387388313135802909e-01,1.869134019969114879e+00,7.951237726324804633e-01,7.799185902124597947e-01,2.326753135583764232e-01,1.408182837918493524e-01,1.486744678413285115e-01,4.216418639798570900e-01,-6.550882298724279573e-02,7.391329899606195394e-03,1.863478877060815053e+00,-9.366470704211449227e-02,1.543186306372398064e+00,1.592236623642382165e+00,5.734207800262066668e-01,-1.853757291971624144e-01,-1.748249579472472837e-01,4.272275106617344775e-01,-1.513078476858813713e-02,2.142707134473437192e-01,1.399277709230843714e+00,1.477989089864894856e+00,1.349718682913641610e+00,1.359694489573808784e+00,1.234666823073805153e+00,-5.387235165878532378e-02,-5.112912261174224621e-02,6.331813296192169149e-01,1.664157157155849442e-01,3.776110401754422252e-01
-1.334295514057165066e+00,5.901858000118258563e-01,-1.328745164662063383e+00,-1.080734511483387283e+00,6.223875399459786184e-01,-8.018902686752837905e-01,-8.620270371714718882e-01,-9.392797561800086958e-01,7.794461323565160527e-01,4.517256128816418692e-01,9.964369777103608550e-02,3.095829249874253009e+00,-4.797327111148232126e-02,-3.158099834434471287e-01,2.538395944769927137e+00,-4.786025087079316953e-01,-5.964972253794049717e-01,-5.121432767866322955e-01,1.208689024234895326e+00,2.764099837171344887e-01,-1.120501226626796187e+00,9.415473338833141304e-01,-1.151033564641606999e+00,-9.127735416803183233e-01,9.137248245924252110e-01,-8.617830444212734031e-01,-1.019203274477980870e+00,-1.172064842850852218e+00,-5.234787247203237515e-02,-4.643444793491734862e-02
-8.996886449830159282e-01,-1.396360282573794187e-01,-8.846260593634562852e-01,-8.020737165045337402e-01,3.347770407669365400e-01,-5.536684862912035765e-01,-4.970759889323989045e-01,-4.987030816984132642e-01,-1.183617319929197498e+00,4.711652377621061705e-01,-7.924998848284821318e-02,9.984505470352745826e-01,7.721212699554222403e-02,-3.028819768864955408e-01,8.285400555820997548e-01,-2.311083461850805543e-01,-4.024781540276810565e-01,-5.470501320696703751e-02,2.652074026256145620e-02,-4.020933777836430134e-01,-7.979861687754880029e-01,7.313383466162140696e-03,-7.301920864935904643e-01,-7.134961184832701031e-01,2.067850171266817361e-01,-5.705218754077786558e-01,-6.377393178509516147e-01,-5.411481627099969938e-01,-1.036784019316312033e+00,-3.672730976692108462e-01
-1.563065774781537964e+00,-1.372893342758060298e-01,-1.555538146144484601e+00,-1.221757181007098625e+00,8.380954143302591364e-01,-8.614177061109740130e-01,-1.119898903151928415e+00,-1.269909535179032822e+00,1.282048648897198939e+00,1.504242445695341157e+00,-2.305671776462127065e-01,2.909190263982854852e+00,-3.075275521287494929e-01,-4.717938002617489412e-01,4.506646068121554549e+00,-6.244088522811767072e-01,-1.022218044862240882e+00,-1.891774534884690828e+00,5.008778160900367205e+00,1.077395953090735770e+00,-1.515426116821494862e+00,-5.109718823129640874e-01,-1.513383176617946413e+00,-1.123161122099856746e+00,1.373921525901662943e-01,-1.130634540342155825e+00,-1.312795223048802695e+00,-1.749804916722852210e+00,3.756678435472190491e-01,-1.518849132322029338e-01
-1.670089485862989775e+00,3.555164018545250992e-01,-1.589289551737149697e+00,-1.270551024662302853e+00,-1.218046266797928323e-01,5.128647677649135206e-01,5.442375646555118740e-01,-6.996586514321080363e-01,1.496929434954448412e+00,2.756709705850956649e+00,-7.371969254758886647e-01,1.403143001591870220e+00,-7.807186901471937501e-01,-6.328640458893430853e-01,1.781880506343594961e+00,1.534708700336653076e+00,1.392276112745971073e+00,-2.662463520668260641e-01,3.082810566497498628e-01,2.858961158513634970e+00,-1.486295724499441029e+00,6.906576510857751483e-01,-1.470489141425383117e+00,-1.106055007011260471e+00,1.364778444079770336e+00,1.151212662485741278e+00,1.259779724450940330e+00,-5.423741363415555128e-01,6.610116542267205908e-01,3.630870075942752795e+00
-1.004447303978087458e+00,-2.029967657598505393e-01,-1.031568154443718521e+00,-8.841489101673337681e-01,-1.029934777837616222e+00,-1.125666106266201671e+00,-8.688297146326074971e-01,-9.776822603437775872e-01,2.043236518150842951e+00,-7.049320675059713714e-01,-7.785616711116681854e-01,2.474931237403859008e+00,-7.642850857624879923e-01,-5.711910965766722192e-01,1.221862584391634643e+00,-6.631470690238837618e-01,-4.015438727852169154e-01,-1.246886140327849862e-01,-4.169454968337957257e-01,2.412097034486981595e-01,-1.101774545848333231e+00,-3.673705507117415170e-01,-1.132436150781894524e+00,-9.006052742461622129e-01,-1.456908910136257562e+00,-1.209746498666220305e+00,-1.122230574456831498e+00,-1.409290740557445298e+00,-3.265949794028870090e-01,-9.259362010527004694e-01
1.809879913348976244e+00,2.024015822752933236e+00,1.750041589400569864e+00,1.874536551055507205e+00,-2.986850836749027627e-01,7.213277905836047721e-02,8.377604995526609644e-01,9.237677574636574684e-01,-1.322015114338950914e+00,-9.493159231460920333e-01,4.312687525262601240e-01,-2.529200924031493533e-02,4.392347647645052922e-01,6.345044657593584825e-01,-6.448638221148998984e-01,-2.698465629277878031e-01,5.438537353729326618e-02,-1.564993416808841964e-01,-9.302392906000216399e-01,-3.352846825802843211e-01,1.713469797847279041e+00,1.955009605183900101e+00,1.667674468257118070e+00,1.754722301929019457e+00,-4.004025475678215096e-01,1.508500221267532748e-01,6.693448498621683562e-01,6.454410659348031043e-01,-7.419287482808273326e-01,-3.297268640760411124e-02
-2.598114305806856761e-01,-7.896702611531024596e-01,-3.215538294760659221e-01,-3.302118642781957658e-01,-7.646140923449503690e-01,-9.751303750586387542e-01,-1.101493881354300264e+00,-1.184135174851601136e+00,-6.518784256180394365e-01,-5.299754435817948250e-01,-7.485103601796916362e-01,-1.162681076727003271e+00,-7.995690010590623675e-01,-5.207506775511887565e-01,-1.099428076892280615e+00,-9.563200454558438146e-01,-9.870890701455885541e-01,-1.512272554042868533e+00,-8.738872273225839482e-01,-4.437590156524042762e-01,-3.797569647231464618e-01,-8.394392959755320183e-01,-4.530306283262582334e-01,-4.233975687849122482e-01,-8.124226807533776462e-01,-7.629738230042785174e-01,-1.259249712154922207e+00,-1.366688156860783154e+00,-4.026866622507535576e-01,-1.001002780236437927e-03
-4.891479543266532559e-01,-4.001190602119831241e-01,-4.627334894551409228e-01,-5.400535965294781526e-01,6.080070149870260288e-01,4.976013222685827242e-01,-3.776512068369065611e-01,-5.123806859211254006e-01,-1.164974840855724642e-01,4.336745326354959351e-01,-4.992612518615328621e-01,-6.092318066827090428e-01,-3.582783891991648817e-01,-4.423349000745968040e-01,-8.975833807479902116e-02,6.141380219092653636e-01,4.592405786050962613e-01,-2.201207969770823114e-01,-2.687150695170575920e-01,1.100383891225225064e+00,-4.276140378236632511e-01,-3.970811710430289798e-01,-3.561441012829157371e-01,-4.875895882926339908e-01,4.843564752727398948e-01,6.881655268257061975e-01,2.199450262885278840e-01,-2.473742312477623939e-01,-1.363657722832192776e-01,1.566733308421424331e+00
2.591322883150051659e+00,6.699733953853080903e-01,2.478578027193465427e+00,2.909642945359548261e+00,-8.163839821971777821e-01,2.075958578382967878e-01,5.480168299116983111e-01,1.282015775758542642e+00,-3.637244521676755160e-02,-1.003469163884527005e+00,9.269386104866269571e-01,-6.404614983813687878e-01,8.433080961060981373e-01,1.224530207637282153e+00,-6.808883668018680391e-01,-1.051572306688717401e-02,-1.433708227842873106e-01,6.896660137585525208e-01,-1.241597767618912856e-01,-2.889856963154791708e-02,2.450052575133493171e+00,4.430691483250458473e-01,2.312584787585867385e+00,2.691149839253201836e+00,-3.787172774001606457e-01,6.817074077788437547e-01,5.746840359604864501e-01,1.845362757822803346e+00,1.084271640067980824e+00,4.488461949241398519e-01
1.161508753622720436e+00,-7.392859677333493695e-02,1.103825653053198907e+00,1.050964161037033051e+00,1.233833238703410107e-01,1.541737986011386674e-01,3.036243433449736795e-01,8.211857257933158349e-01,-1.452016188891212811e-02,-8.493407094751330710e-01,7.368495968143217584e-03,-1.205552606159482787e+00,-1.504416278631780235e-01,1.871106650753434908e-01,-7.100354984122334567e-01,-4.866729705293290631e-01,-2.723016342443413951e-01,-7.379144979582655250e-02,-9.584153222387405968e-01,-4.918900111214906112e-01,1.166234570654414382e+00,-8.842083760131957959e-02,1.013765400286572360e+00,1.072241215404615478e+00,5.147158535074652930e-01,1.521416459361256135e-01,5.292659686844269906e-01,9.718565453372860485e-01,-1.474624760318662131e-01,-1.058905613472167634e-01
-6.816773816689473131e-01,-5.902012727193964858e-01,-7.064021737338948004e-01,-6.508974147751152017e-01,6.727193773023103507e-01,-8.141010250723484942e-01,-6.673948764778689924e-01,-5.860293240434220063e-01,-1.718998261461665455e+00,-4.591596672315323424e-01,1.657565818213845854e-01,2.412102271856259694e+00,1.932140402993489103e-01,-1.208302124205700989e-01,-1.346252710031139721e-01,-6.367835604073193156e-01,-1.931991557157091144e-01,1.870565169185863241e-01,-8.555115545147239375e-01,-4.075172523214383447e-02,-6.044771340647031588e-01,-9.192516717886128549e-03,-6.282062685532302515e-01,-5.824668039386621254e-01,-1.922239539582781542e-01,-9.683420086945033756e-01,-8.127183980934540308e-01,-6.819818836352934399e-01,-1.891230207962152132e+00,-5.854658157577428135e-01
1.121870342111071617e+00,6.230395157538480833e-01,1.050317327113607924e+00,1.042502800865610313e+00,-1.584304015005219890e+00,-3.281510790829156310e-01,2.696109560392954130e-01,2.498827186446438697e-01,-1.492759090773566055e-01,-1.299229170994445015e+00,8.279460568283509847e-01,1.890656379220826411e-01,7.026557762252328976e-01,7.690828946718876180e-01,-4.778409331116836301e-01,1.470145005765474577e+00,8.806014189564326244e-01,4.049600013080651983e-01,1.012484763478591759e-01,4.366071775918545228e-01,7.334401704410464795e-01,-1.379385381534655730e-01,6.598146203759095441e-01,6.190173414077888570e-01,-1.878470562195583726e+00,-3.645078778128675312e-01,-1.008499541560599899e-01,-3.428469278053900005e-01,-8.497252989819722435e-01,-1.025777599046938882e+00
-2.198096151079302965e-02,-7.521231574479343429e-01,-8.652879784909187078e-02,-1.217803587221501921e-01,-8.027224834861735880e-01,-8.522596388131754575e-01,-6.747014559731627781e-01,-4.955467114931719208e-01,-3.532305534706772776e-01,-5.244212650445196910e-01,-4.530968437143936822e-02,-2.895432466905122348e-01,-1.035575212362228603e-01,-1.553755414170145399e-01,3.232139423821732138e-01,-6.825161773952374000e-01,-5.214432989014508024e-01,-4.529753233611678032e-01,-6.413257892288190543e-02,-3.557583149813134948e-01,-1.196641761333818443e-01,-6.529226238957827055e-01,-1.770690033111652906e-01,-2.239437938859197008e-01,-5.218400605067226028e-01,-8.236801420447852351e-01,-7.787743688660834218e-01,-6.076572322220521460e-01,-2.853786511936249326e-01,-6.466046493609556300e-01
4.366920859811431743e-01,9.421898972477770196e-01,7.539635219097179375e-01,3.359792265518166676e-01,1.089754601111920795e+00,3.964311380622723480e+00,2.881083248064143287e+00,2.352025275335336563e+00,2.491208326371887161e+00,2.538708198262894733e+00,3.146493081438968886e+00,2.312315091280661150e+00,3.509902078177352003e+00,2.086044087211190501e+00,1.758955796088251367e+00,1.846228526642589740e+00,1.541449684459415437e+00,2.918007485507895016e+00,3.425823125577552863e-01,7.979488301433537156e-01,7.521668512195094358e-01,1.007570934619508973e+00,1.097753720943339228e+00,6.154903073689029780e-01,8.183096358547172766e-01,1.707902524325281446e+00,1.642247659407229943e+00,2.023128934398803036e+00,5.896757015568452331e-01,1.011435645419763274e+00
-8.204118219597180683e-01,3.432032211696738777e+00,-8.681619590743510084e-01,-7.546900995445666727e-01,-1.290222279594650079e+00,-1.295090351275473894e+00,-1.057326868060334490e+00,-1.100675486008012793e+00,1.238776325208412465e-01,-6.216193894468400316e-01,-6.297192957897606025e-01,8.210511149008762333e-01,-6.618167290107920264e-01,-5.215984156860707932e-01,-8.613385860974998032e-01,-1.012705672048006544e+00,-9.218450967135078944e-01,-1.347970145740436498e+00,-1.731615709161850591e-01,-4.620775288533252589e-01,-8.063091380103606376e-01,2.681269213282039487e+00,-8.597740669354603238e-01,-7.161413940124344846e-01,-1.370167829465614107e+00,-1.187595150335482463e+00,-1.201975138895218009e+00,-1.289758311480479591e+00,9.476619841859804452e-03,-6.056584580487122116e-01
-6.193884492934994546e-01,5.502920023250851278e-01,-6.319021199256946719e-01,-6.085906139180017327e-01,1.392019013251881432e-01,-4.794499825652948632e-01,-7.006524107323098827e-01,-7.417435875019918745e-01,-4.479237812247187644e-01,-1.134120532861353364e-01,-3.189533862696731781e-01,-5.173906423381300357e-01,-4.148293219347705674e-01,-3.238634957248269219e-01,2.665571584653957937e-01,-3.042286222633401940e-02,-4.507493515549959584e-01,-6.653119304122294686e-01,-9.547401876771685059e-01,1.276706823721349658e-02,-5.337318955682871513e-01,1.013970145152393310e-01,-5.868120248009660589e-01,-5.184511361328848489e-01,8.009614197205880970e-01,-8.293388736966622599e-02,-5.942335902496737043e-01,-6.392260532346865087e-01,-7.403435048881635838e-01,8.650044714729843154e-02
-7.666168349081948774e-01,-1.963017251939606300e+00,-7.632033197313068396e-01,-7.081526186017419455e-01,-1.448134666141162319e-01,-7.015331145369084753e-01,-6.774729171610328615e-01,-5.799796144833762046e-01,-5.244067728722148214e-01,-2.258841686659640302e-01,-9.235150532541434032e-01,-1.371125409484921231e+00,-8.483864729077477129e-01,-6.267179444114480136e-01,-3.108180441084673618e-01,-5.566169729814391953e-01,-5.507174444986612238e-01,-8.642880318510894888e-01,-8.738872273225839482e-01,-5.798907117925813370e-01,-7.105949918093270590e-01,-1.578903624220910018e+00,-7.007961742637222047e-01,-6.463061200424954356e-01,1.009140013330132035e+00,-8.874619451184247165e-02,-3.078607239511517712e-01,-3.770209427850864659e-01,1.759271760715681587e-01,7.640412600181370473e-02
-3.957145557634811350e-01,-3.555318745620956733e-01,-4.487390042094015485e-01,-4.317481863352677918e-01,-1.206815234832727235e+00,-1.114218522143953338e+00,-9.432812401794808954e-01,-7.872479246275535525e-01,-1.281952594904548937e+00,-1.015966065593396639e+00,-3.769347391266633651e-01,-5.896439527178690687e-01,-3.621451196426250796e-01,-3.567133484515073172e-01,1.139440873369667317e-01,-7.476179027545091227e-01,-8.545768472560884010e-01,-9.974159270583841108e-01,-1.437604944236087756e-01,-9.484160950111083510e-01,-5.025207609375154094e-01,-7.552592050368837073e-01,-5.469175724890016355e-01,-5.117497714590018010e-01,-1.072645922765307347e+00,-1.011934312260824642e+00,-1.146947564753381554e+00,-1.196277822074135022e+00,-1.173114951085407087e+00,-1.324740886299348608e+00
-1.004447303978087458e+00,2.428750907390206104e-01,-8.945045195369191182e-01,-8.914820889825667560e-01,-3.605213409983967221e-01,1.190180161664594394e+00,1.752342691549785725e+00,2.927567472658379466e-01,1.373099829429931473e+00,3.019144641737222301e+00,-1.027103689760839433e+00,5.232024231848433210e-02,-2.393764280627631302e-01,-6.960629238448017286e-01,4.944942775756672182e-01,2.732903265420108418e+00,3.758187645746046357e+00,2.751001165355375200e+00,-5.394499822195298888e-01,3.009819502521219103e+00,-1.120501226626796187e+00,-4.482494616135794807e-01,-9.176660165310176476e-01,-9.259999193261401196e-01,-7.473668702503950545e-01,7.049566363475484598e-01,1.570056836684230239e+00,4.952592960688719792e-01,-4.882898054546041533e-01,2.026676827271285397e+00
-2.399922248248612111e-01,-5.080669833643416400e-01,-3.017969091291397565e-01,-3.045457384248802524e-01,-8.120698247094928490e-01,-1.024164193715601634e+00,-6.721819458023717830e-01,-6.239057665063173497e-01,-1.147196847716104529e+00,-8.354552631319449585e-01,-3.864804496579970494e-01,-5.765237863829292264e-01,-3.935623044957393679e-01,-3.261947755957526063e-01,-3.134380109947924042e-01,-7.852800579210299503e-01,-3.187042692867280702e-01,-4.512257333405222948e-01,-7.048310374902709841e-01,-4.757266171206780969e-01,-2.278627761867238477e-01,-3.195034401780000310e-01,-2.478591592932977705e-01,-2.966006950869674585e-01,-1.705386837906173181e-01,-7.855772396682970671e-01,-4.589355582588861004e-01,-2.666833159448106505e-01,-6.325469541870186729e-01,-4.284119312724237183e-01
1.102051136355248095e+00,3.226626861125028167e-01,1.091477577836370338e+00,9.945550932275485367e-01,3.132062533285078221e-01,4.823378767722514837e-01,3.540145467607933027e-01,7.717359259112022141e-01,1.110872429495662450e+00,-2.758717755014430395e-01,1.247250230538047955e+00,1.576511551482831230e-01,1.205814075180493772e+00,1.052651300789941402e+00,3.300913554587762699e-01,7.341707987564490001e-02,1.415849561672817003e-01,7.294294233186764398e-01,1.028607430717866311e+00,6.305318290640835044e-02,1.101731559084152989e+00,8.654170434959559954e-02,1.088754972301543278e+00,9.681937112574839910e-01,-2.741590068405593342e-02,-1.294323445070756917e-01,-9.654718988780168487e-02,5.320385050156307694e-01,5.484593733475841004e-01,-4.272901178118147514e-01
-1.336560566143544904e+00,5.854924120486799666e-01,-1.322571127053649098e+00,-1.087503599620525563e+00,-1.154326318732552537e+00,-8.221143339579221054e-01,-6.493803787567135055e-01,-1.135027315075055387e+00,-1.955731330846769422e+00,6.225166029028614822e-01,-1.002002006511776511e+00,-3.822738450011501504e-02,-8.140692402220383039e-01,-7.050913349812958364e-01,-4.827533710235430431e-01,5.942827938522288883e-02,1.409621020056389396e-01,-1.076147477987429601e+00,-1.302850010311781548e-01,2.738956779836747013e-01,-1.304646920948349553e+00,4.051055779017339598e-01,-1.214624721710302557e+00,-1.015762935615784013e+00,-9.945789501617284811e-01,-4.135895825690218408e-01,-4.197325949258665090e-01,-1.356880367808314336e+00,-8.386285952333248916e-01,4.595034227999298393e-01
1.818737262634008978e-01,-1.043113211162987275e+00,1.229768783297692653e-01,4.039571123011783532e-02,-5.028885380920230519e-01,-4.926147043058803909e-01,-5.394037598016873103e-01,-3.419366948380963001e-01,-1.056145667183371772e+00,-5.049816401640553343e-01,-2.093544875765821489e-01,-1.486804622522559960e+00,-1.552750409175034096e-01,-2.333674498261654739e-01,-7.391826300225985413e-01,-5.689916811075818037e-01,-4.445208099385682954e-01,-1.946722148586029488e-01,1.294245079865781467e-01,-3.726400820488289245e-01,2.153353355702349037e-01,-1.255387980613557275e+00,2.128767711666832985e-01,6.724232257212186571e-03,-4.134137096684183388e-01,-3.348005301973004388e-01,-2.844345629350789606e-01,1.673113496269408862e-01,3.233548115893109531e-01,-1.120605353805684962e-01
1.382351332044764014e+00,-6.454182084704310207e-02,1.297278831450182635e+00,1.364034487379672145e+00,-9.760078092415459539e-01,-4.452980232672546501e-01,4.802003651822901731e-02,2.101650602286911640e-01,4.917244018730806410e-01,-1.710238382752829356e+00,1.016738998448062814e+00,2.574383357238821946e-01,1.139596316336237702e+00,8.722950125937803945e-01,-8.387413717029471583e-01,9.009603430653276290e-02,2.359473616561618414e-01,2.729454815684539959e-01,-3.350645757644835077e-02,-4.074811757839137960e-01,1.266110201472884222e+00,3.207223374223542450e-02,1.232734950570286925e+00,1.165707617435089327e+00,-1.276487462341319601e+00,-1.701184945023088979e-01,2.204231112072231880e-01,1.167399373251480355e-01,-1.014904176446130152e-01,-1.035313013462119125e+00
-7.383036838284458003e-01,1.113498557902606656e+00,-7.146342238784474388e-01,-7.075885279236471259e-01,-2.253444063842476308e-01,-2.898754735483128134e-02,2.809487518078547796e-01,-1.901678941360779029e-01,-1.540537947617509174e+00,4.086807292177564443e-01,-5.770411154501779993e-01,3.143874929410652275e+00,-4.457631654824523726e-01,-4.895963010942724902e-01,3.965730151992721830e-01,2.251417621179145068e-01,7.647505448908766823e-01,1.234350616223881952e-01,-6.974807683671268022e-01,3.295695906531401764e-01,-7.813402303057430665e-01,1.918696624778992277e+00,-7.445900843204649178e-01,-7.103217878482728231e-01,-7.512349505290932816e-02,-6.728082616689869122e-03,4.226530318153613464e-01,-2.705144835434313277e-01,-1.257132850896593546e+00,1.936336326354975157e-01
-4.353529672751300650e-01,-1.842232139072668695e-01,-4.960732925405786364e-01,-4.664397630381008075e-01,-8.494591896027677835e-01,-1.172601201167418949e+00,-1.096467458563572306e+00,-1.192999314511320241e+00,-4.151453562329356362e-01,-5.841286843202307955e-01,-4.600177752327163638e-01,2.722216217350820755e-01,-5.496815461504457323e-01,-3.734561766154282925e-01,-1.984869638572848427e-01,-9.484109928708743809e-01,-9.642926078294629111e-01,-1.426701696669481878e+00,6.292428083603732736e-01,-6.484953396626971234e-01,-5.691045148164951550e-01,-4.053341211350534046e-01,-6.462037658368231519e-01,-5.517816078003556779e-01,-1.202757543771272308e+00,-1.204450841047793208e+00,-1.286122865434788487e+00,-1.615376908022449376e+00,-6.341321975796824217e-01,-1.097012753795636453e+00
-1.209151386284673890e+00,-8.225239768951246866e-01,-1.188800312204671084e+00,-1.018684536892954462e+00,-5.924934310835054674e-02,-3.706979334039377516e-01,-8.263759682547796581e-01,-6.344270005237883092e-01,-1.544179994838819070e+00,8.544035568341123987e-01,-5.381511836558554585e-01,2.460158104748438879e-02,-4.264295132651512721e-01,-5.262609754279221619e-01,5.708008131398818463e-01,-2.806071786896508491e-01,-6.914824850299281511e-01,-8.100507412110804495e-01,-2.858656974710604981e-01,-1.172584568359899548e-01,-1.039352276586789525e+00,-4.201894313006971360e-01,-9.833568816161324389e-01,-8.826174006478446632e-01,4.496600430044828123e-01,-1.836805445007199111e-01,-9.095784026211344298e-01,-7.494104333710175370e-01,-6.388879277576744453e-01,4.611861429908440946e-01
-1.257566874631044662e+00,-1.418584248214668442e+00,-1.142700831395176753e+00,-1.077067922075770845e+00,2.139532923115423202e+00,2.228094455415090991e+00,3.766901382979120361e-01,5.813015901949784014e-01,8.959916434384130879e-01,4.581257355345943694e+00,-4.511791543703703167e-01,3.461380517910809251e-01,-5.177810199918989609e-01,-4.747608837338361254e-01,4.840691846127986864e+00,1.250628444223467417e+00,5.937770775199352480e-01,4.145032196024950877e-01,7.039705444456709760e-01,2.751205198508217542e+00,-1.172519784344749239e+00,-1.237231490411103696e+00,-1.128836651325175744e+00,-9.679716243888811800e-01,2.995510760687864593e+00,7.333723601537431858e-01,7.986614511078685141e-02,-1.024028493159555436e-01,-9.039371389596609352e-02,2.946563864971007529e+00
-4.976418996505783121e-01,-1.513694981652446148e-01,-5.298246981332435102e-01,-5.293358736456761360e-01,-7.890609847751693939e-01,-6.767300156053709381e-01,-7.869456340819008799e-01,-7.646272714899911005e-01,-7.611398422573185663e-01,-2.911457664789504074e-01,-9.974059236633565639e-01,-5.696865166027494931e-01,-9.714451692708689912e-01,-6.536972105540700406e-01,-1.156739852530639157e+00,-8.159478128423397481e-01,-6.587826415436824901e-01,-1.007754413544016403e+00,-9.878163987313166583e-01,-8.851992651412635693e-01,-6.128001032995757935e-01,3.225760769814908224e-01,-6.462037658368231519e-01,-5.870519481892138014e-01,-5.695476548755760149e-01,-3.645078778128675312e-01,-3.867447355358864525e-01,-4.560962420206176593e-01,1.236141441136600766e-01,-6.740890791458865605e-01
-7.043279025327465748e-01,2.371326532025738842e+00,-7.002281361254801828e-01,-6.748712685941460343e-01,-1.563178865812774321e-01,-3.411250077547968163e-01,-2.179142620087586579e-01,-7.393763098480609086e-01,-4.365653965938636610e-02,-1.522913030470638696e-01,-3.129431240832779015e-01,2.260573590241461872e+00,-3.423281261198914960e-01,-3.590446283224330015e-01,9.405436399724919072e-01,-7.830760236662470675e-02,3.091327256491878672e-01,-4.260952584985242542e-01,5.116385023900686946e-01,-6.079072613939898728e-01,-6.481727225477837973e-01,2.191043977815795518e+00,-6.318057680099485873e-01,-6.157972756061331765e-01,3.932783405685648104e-01,-3.205926682942030759e-01,8.464699429774047434e-02,-7.023636952599556782e-01,-3.332495176006595311e-02,-6.544573435852216736e-01
1.073737985275498463e+00,4.306106092648613881e-01,1.338439082172945271e+00,9.578891991513835968e-01,1.959776361128522160e+00,2.937844670994474328e+00,2.897460064174284700e+00,1.881200053053512677e+00,1.099946287831733649e+00,1.165437554921538776e+00,3.479502788710988215e-03,-7.908814335453270283e-01,1.279629640659578071e-01,3.049104465588021659e-02,5.564982411623656949e-02,6.211324221544762825e-01,8.977299084016089337e-01,-2.201207969770823114e-01,-5.713011484198207146e-01,4.592359291929923870e-01,9.498373705477304307e-01,3.704431875152323084e-01,1.274729110898670692e+00,7.530446348854495930e-01,2.418682574228085969e+00,2.189032393316531433e+00,3.006223932445097891e+00,1.259960348753561776e+00,5.389479129916008304e-01,2.015458692665191620e+00
4.508486615210179349e-01,-1.233195423670401025e+00,4.164494659830655365e-01,3.026978765442209229e-01,-8.082013054677929242e-02,-1.717007627455245933e-01,-2.210636497222474017e-01,2.906525004623438102e-01,1.825826310287201673e-02,-7.674165760503200984e-01,-3.193069311041671354e-01,-7.154866748882079408e-01,-4.283628784868813710e-01,-2.571041176028635022e-01,-5.803471375391476839e-01,-5.641494040147433386e-01,-4.996434032439537876e-01,1.250255980047930982e-01,-4.757476498189482372e-01,-5.353515816570089125e-01,2.631924086707516652e-01,-1.037510098184115437e+00,2.158763540472819487e-01,8.079194707381419371e-02,-4.004025475678215096e-01,-3.735492444784749844e-01,-4.957480969984290331e-01,3.558047954790788947e-01,-2.885491379789532629e-01,-7.380324464006234875e-01
1.931989866953008061e-01,-3.578785685436690622e-01,1.645487315597589928e-01,5.760047691201036074e-02,-2.843045587159512833e-01,-2.808343980442898347e-01,-6.073045589045041881e-01,-6.754598131919249404e-01,2.986958991436876598e-01,-5.410838006563453151e-01,-6.420933649970450574e-01,-1.072872614208964182e+00,-6.652001181488197412e-01,-4.306785007199682713e-01,-7.182228949319988676e-01,-7.492319951187885740e-01,-4.747292367782428579e-01,-7.947815919399927598e-01,2.409035896875962868e-01,-6.642995471301582633e-01,4.055298163791308530e-02,-4.614541817608187046e-01,-3.608860792301994691e-02,-8.374419084020874593e-02,-3.873913854672252355e-01,-4.174644539971393842e-01,-3.279402905363570375e-01,-4.766313003492245182e-01,1.101709317387283615e+00,-6.179984061154156771e-01
-2.683053759046102327e-01,6.159994338091288046e-01,-2.659874910003362514e-01,-3.465704939429462006e-01,1.003744839360176111e-01,2.061865050824402551e-02,-7.946717812379447410e-02,1.115284913149010293e-01,-2.366850423887793264e-01,-1.370173120695565017e-01,-7.361362909724070702e-01,-1.090982139572684195e+00,-7.367346313528337909e-01,-5.421560654569610449e-01,-1.191781909635235559e+00,-6.346314372549466398e-01,-5.700259235095872512e-01,-8.017799520225746823e-01,-1.156872588563629956e+00,-7.544553670013574020e-01,-1.061864536449108479e-03,7.187176813986581037e-01,-4.808693944541545667e-02,-2.403445021667386106e-01,8.139725818211843711e-01,8.890130291831274123e-01,4.695053538475069677e-01,7.128696156705274234e-01,1.249136952905026465e+00,6.905969956854697278e-01
2.413313435308742927e-01,-5.244938412353528090e-01,1.785432168054983670e-01,8.890750954627434088e-02,2.017571848966294434e-01,-4.725814320919460298e-01,-7.921106299320223032e-01,-2.753898896775924809e-01,-1.128554368642635530e-01,-8.687803343555973168e-01,-4.621390442396793863e-01,2.644949179888457513e-02,-4.665468416160510334e-01,-3.346721569445733069e-01,-6.252140704674626903e-01,-6.421638682882507831e-01,-7.956237008565997249e-01,-4.486808751286745500e-01,-8.665369581994399883e-01,-7.594839784682767547e-01,-2.603077224106671930e-02,-4.185388412822920179e-01,-7.508318537080514721e-02,-1.468781001362646776e-01,-4.307619258025469078e-01,-5.750425587405821881e-01,-9.949643691001260892e-01,-4.495066337509900922e-01,-7.942417802387358172e-01,-1.098695473986550653e+00
1.875363564793506022e-01,1.115845251884179934e+00,2.271123126583583784e-01,3.926752987392789079e-02,1.542741137318911493e+00,8.448447073101090776e-01,4.762107900441556740e-01,1.104996013414594191e+00,5.172187324222459193e-01,5.253184785005420299e-01,-1.566763072369995735e-01,1.447157798884830537e-01,-1.973257344901331589e-01,-1.023919079868848836e-01,-9.368828840428641835e-02,-1.364149274806854550e-01,-3.012643527607303806e-01,-8.579458117223267427e-03,-1.927622885779025630e-01,-2.142388208408655681e-01,2.236583048051071776e-01,1.296424187840359954e+00,2.248751026890783711e-01,8.484803621853299893e-02,1.442845416683349091e+00,5.738568196962414714e-01,1.329335710859720354e-01,7.235968849466650754e-01,6.594264108340568420e-01,2.940359373600403559e-01
6.009083622436875993e-01,-9.739553658906534295e-02,6.963391708978502459e-01,4.251055536908022736e-01,7.805733144944511093e-01,1.461106319224466432e+00,1.334104003198483435e+00,1.111045722974640215e+00,2.367810963814293013e-01,5.669748175301072557e-01,-4.055718707206645846e-01,-5.273693603956898235e-01,-1.905589562140778681e-01,-2.539250995970557256e-01,-7.945294304962132736e-01,4.936191253763987374e-01,1.836276120781688281e-01,3.118395144290065854e-02,-8.199852537528610208e-01,9.358403824127656256e-02,4.816703510861541360e-01,-7.356552743567584818e-02,5.938237970027354651e-01,2.716044885775365514e-01,2.154591251937463259e-01,1.406954176741493034e+00,1.090059578314086952e+00,9.044279956015617294e-01,-2.140426985237495472e-01,1.258234606753835028e+00
1.229460316214118887e+00,-1.560628861283905322e-01,1.202610254787828570e+00,1.186345923779795974e+00,2.154186836076336098e-01,3.206623463049221301e-02,5.618741358510489503e-01,1.043446794412389300e+00,1.169145185036610801e+00,-3.522417303889798235e-01,1.052447026731940793e+00,5.032104656600796533e-01,9.298261897785207175e-01,8.589431369693875107e-01,-1.696673281077101247e-01,-4.920532784102605861e-01,-1.483536560774293966e-01,3.667871281303464182e-01,3.830087927350475652e-01,-2.351077163127696448e-02,1.393035482304689099e+00,3.539372873311834589e-01,1.352718265794240260e+00,1.280336223698878229e+00,3.585819083003076724e-01,-2.831355778224011188e-01,1.965188652724550733e-01,7.665059620512171268e-01,1.252307439690353741e+00,1.078149028988776570e-01
-7.977613010959186957e-01,-2.335037875202994051e-01,-7.389187718048768616e-01,-7.473569207293337957e-01,1.265328168640995204e-02,5.510233815057405948e-01,8.302019690402877572e-01,-5.192194880324815243e-01,8.850655017744852859e-01,1.934691282334187745e+00,-5.628993220704244793e-01,8.118115611438760926e-01,-2.364763802301678708e-01,-5.018885040500625783e-01,-1.067881228359112561e-01,1.802648032807043998e+00,1.743254432831674139e+00,1.981902715954211025e-01,-7.638302746145524125e-02,1.743686972457566320e+00,-7.605328072185618682e-01,4.001538078465197712e-01,-5.982104397472419732e-01,-7.126143599735487166e-01,1.373921525901662943e-01,1.498659467206939322e+00,2.242244232369909440e+00,1.167399373251480355e-01,6.388182467294258871e-01,2.570756355666853565e+00
1.186990589594494772e+00,-1.419827222389527799e-01,1.099709627980922422e+00,1.090450508503672200e+00,-7.092490712529854191e-01,-3.613490730374350202e-01,-9.080497389235385464e-02,2.593518292603677056e-01,-6.919409450524424132e-01,-1.181202877077341951e+00,-5.102211417308419872e-01,-1.343406748213921365e+00,-5.032807808289231355e-01,-2.363345332982526581e-01,-1.350289906257895467e+00,-8.852999814275472890e-01,-5.824830067424426883e-01,-8.230931395468010781e-01,-1.210774562133352772e+00,-9.818204426127877804e-01,1.055955228292354109e+00,1.360594049017415652e-01,9.627724913163916431e-01,9.399774389463975144e-01,-3.526949531989680975e-01,-5.322653975409915444e-02,3.786692192953881042e-01,6.577008022503891826e-01,4.771234206777086873e-01,-8.126330415311496802e-01
2.271747679909995321e-01,-9.985260255131003237e-01,1.880100744717339012e-01,9.172796293674856383e-02,-1.061571932747311653e+00,-3.458948344724002144e-01,-4.221205613513673294e-01,-4.226871659221856370e-01,-4.515658284460287164e-01,-8.423979863035395699e-01,-5.565355150495352454e-01,-1.421573372998140572e+00,-4.989307090800303435e-01,-3.552298067154636696e-01,-1.217654082637694479e+00,-4.269515530509889190e-01,-3.028214881648373380e-01,-5.558830273027685065e-01,-1.113996018678622857e+00,-5.177514415227907341e-01,1.966086547917718641e-01,-1.207520870079816344e+00,1.468859477935088309e-01,5.222297135883924996e-02,-1.085657084865904176e+00,1.702243792673405476e-01,1.936503557602829440e-01,7.934777524320301215e-03,-3.440326567221896892e-01,-6.382255657436357310e-02
-9.110139054149153370e-01,-1.460824739882982559e+00,-9.545984855921526568e-01,-8.110991673540512981e-01,-1.480764235300765064e+00,-1.267616149382078561e+00,-1.080972471013208036e+00,-1.096624810911286607e+00,-1.343867397666807406e+00,-7.396456833639429851e-01,-4.250168366178259105e-01,-8.154586465389469518e-01,-5.076308525778158165e-01,-4.563225793001510766e-01,-2.774134663078242635e-01,-1.049237962559531612e+00,-9.650711755315163343e-01,-1.322998724536678772e+00,-5.149490851423832449e-01,-4.150240929842930471e-01,-8.063091380103606376e-01,-1.210822050116626025e+00,-8.708725235936761733e-01,-7.177285593299330690e-01,-6.259293573114945719e-01,-1.096600252965190814e+00,-1.224158279122682602e+00,-1.144020696028948736e+00,-2.647704870889948103e-01,-3.936357139935320326e-01
1.430483688880338056e+00,1.317660934299458519e+00,1.667721087955045034e+00,1.321727686522558898e+00,1.190691663826550506e-01,2.712708849923594734e+00,1.481495348189755257e+00,1.670775372704093709e+00,2.134287698683575485e+00,2.116590629429959680e+00,1.956814713367189373e+00,4.370887668340238896e+00,3.969076318338253362e+00,1.613430077014433861e+00,-1.260883536262056293e+00,3.084775400833031700e+00,1.746368703639888054e+00,4.613519269151577618e+00,2.972753613789465899e+00,3.239698883866109380e+00,9.831292474872204146e-01,7.269706314906825284e-01,1.337720351391246121e+00,8.024231114298508993e-01,-1.207094597804804659e+00,8.883672172784409238e-01,4.269557960836196653e-01,9.580643419822514328e-01,4.295661188977917266e-01,1.033871914631951494e+00
7.424741176424333178e-01,5.643721662145229079e-01,7.498474968374413407e-01,6.067427520373424032e-01,2.559575414946680186e-02,5.720106190631952803e-01,5.782509519611902515e-01,3.130101227494694882e-01,3.096220408076154063e-01,-8.604490665496845603e-01,2.103032309676086953e-01,-5.229343745923299425e-01,7.237871394121705992e-02,1.084829530650310708e-01,-3.972769513571912103e-01,-3.472710853107927043e-02,1.285050187727833360e-01,8.916442089231360266e-03,8.963025865012737015e-01,-4.150240929842930471e-01,7.854587281589994197e-01,5.751163497974349781e-01,7.917962671222583682e-01,6.207808584272317409e-01,1.074195823833114627e+00,8.444520077597766905e-01,1.273166102174410730e+00,1.028557825796871938e+00,3.103871722321784876e+00,1.381038663353318652e-01
3.347647420940464413e-01,1.427955551433389703e+00,4.329135662721707578e-01,2.200585922033258812e-01,8.956175141660680517e-01,1.260773597085124154e+00,1.000268905568678868e+00,1.031873436993171467e+00,4.188834574468945360e-01,3.670243901881912740e-01,1.307556432064941043e-01,-3.523722122381116595e-01,3.092159536031555689e-01,7.266601686626346368e-02,-5.751072037664979320e-01,2.654940712249011514e-01,9.144519615503840515e-02,-1.692236327401238638e-01,-3.544682092870713452e-01,-3.065497599121729810e-01,8.395580281856700466e-01,1.844420073950774119e+00,1.265730362256874741e+00,6.913215392049479879e-01,1.412486038448623527e+00,2.313674090920975868e+00,1.715872736886315364e+00,1.351908371120458252e+00,1.778608246054767417e+00,8.353109321040844693e-01
-5.089671600824777764e-01,-1.594586296832644079e+00,-5.364103382488859539e-01,-5.366690524609090129e-01,5.073433402743615650e-01,-6.450583662004845120e-01,-6.176345506047471456e-01,-2.966953885629712850e-01,5.390710157501014121e-01,-4.452742208883442854e-01,-5.869403708160056965e-01,-9.924884965230651446e-01,-5.743319527275047021e-01,-4.798473125431286235e-01,3.458111567767258587e-01,-7.443897180259502200e-01,-4.980862678398467747e-01,8.208111567985909574e-02,-1.633612120853263072e-01,-5.648048773918229459e-01,-5.691045148164951550e-01,-1.633373094828270533e+00,-6.039096472203796528e-01,-5.782343630919992705e-01,3.022002058643897260e-01,-8.146387753791779485e-01,-7.190137540291631213e-01,-3.106651199769763227e-01,-1.236838251419077606e-01,-9.063044654920354715e-01
-7.609542046922451730e-01,-4.400128578987246852e-01,-7.500320395000231732e-01,-7.231010215712554423e-01,9.675201389608285574e-01,-1.671217290966252600e-01,-8.640426453081048175e-01,-7.804091225161975398e-01,-6.045318117410186654e-01,3.975723721432060098e-01,-4.161782157554798633e-01,1.303355821016271010e+00,-4.452798241770197785e-01,-3.961331717235237471e-01,-1.064606269751205841e-01,-4.457826306342493328e-01,-6.615854852710748579e-01,-3.775838988351728487e-01,2.752048455956017103e-01,-1.057644877687454743e-01,-7.189179610441996937e-01,2.020830056379364081e-01,-7.331916693741895585e-01,-6.595324976883172319e-01,4.236377188032902641e-01,-4.749417135142148250e-01,-9.442873677184178138e-01,-7.687195180680660433e-01,-5.088979695592342756e-01,-1.631030478382966553e-01
-6.901713269928723138e-01,-7.075359717980468366e-01,-6.747087806773679475e-01,-6.596408202855853498e-01,1.226369588221965623e+00,-2.096685834176473806e-01,-5.808497021111989067e-01,-4.460969116110585220e-01,1.530140102913154776e-01,1.740166860178688490e-01,-1.085942097458370281e-01,-8.996888553931453592e-02,-1.470582387251504752e-01,-2.649456953505227030e-01,6.579147121101870388e-01,-6.841302697595169624e-01,-4.457665182618538724e-01,-3.561857661810751557e-02,1.159490145941475259e-01,-2.181898727077307698e-01,-6.065578763734211787e-01,-6.512720338773776430e-01,-6.159079787427751418e-01,-5.769999011783892851e-01,9.137248245924252110e-01,-6.783724634903809392e-01,-6.004486941927134058e-01,-2.456885175043692915e-01,-1.601444231731777579e-01,-2.034883324202355903e-01
-8.373997126075677366e-01,5.221316745462087905e-01,-8.615763189587092308e-01,-7.730230465826491981e-01,4.354407154796010593e-01,-8.364238141107322999e-01,-1.007087835254762309e+00,-9.868883401090646768e-01,-7.137932283802977951e-01,-1.828392850020786053e-01,-4.084002293966154107e-01,8.783363481942755291e-01,-4.302962437086114700e-01,-4.467855252827277468e-01,-2.655163694220918913e-02,-8.712573778583161399e-01,-8.050910841135699991e-01,-9.121631769614785279e-01,7.799233253848260050e-01,-6.323319456618844425e-01,-8.063091380103606376e-01,5.586104496133866837e-01,-8.351774873145496603e-01,-7.388907635632478987e-01,-1.445163595894235764e-01,-9.166770563196039445e-01,-1.141545205172124211e+00,-1.089924609536424560e+00,1.125174403650122529e-01,-7.088652964247782462e-01
1.167534787799777707e-01,3.636602036059616294e-02,9.745752288165634991e-02,1.501163071584979761e-02,-8.530543208425063195e-01,-4.887988429317975947e-01,-9.172844358726192290e-03,-5.005442976514705711e-01,-1.230963933806219268e+00,-7.354800494609869954e-01,-5.250700247795833109e-01,2.796132647406819882e-01,-4.177293697673657435e-01,-3.609520391259176675e-01,-9.307677085851113752e-01,-2.773789939610918354e-01,3.009406123322521873e-02,-4.844679437327860105e-01,-8.126349846297170609e-01,-5.364291412570630913e-01,1.350333162457777007e-02,4.711291786379288027e-01,2.990221545015409044e-02,-8.198067382076584808e-02,-9.815677880611322070e-01,7.851908880189430173e-02,4.938876847009703863e-01,-2.795560390761762659e-01,-6.880304729302550992e-01,-5.181570081211773759e-01
-1.578840866935884713e-01,-1.240235505615119971e+00,-1.355094962091791255e-01,-2.625209829068143597e-01,6.727193773023103507e-01,2.972686001292403901e-01,-1.297314060310743866e-01,-9.915921988495436656e-02,5.499971574140301023e-01,3.793931185462091904e-02,-5.130495004067925358e-01,-1.302013547382561809e+00,-4.095125675750126981e-01,-4.035508804037418740e-01,-3.727147617978945338e-01,-1.342628043283127515e-01,-2.299475512526327758e-01,-5.620861191941479706e-01,-2.638148901016283965e-01,-3.241499000463911040e-01,-2.611546531262137205e-01,-1.387435182085946295e+00,-1.800685861917643849e-01,-3.357507729185998380e-01,2.631667195625997380e-01,1.101638721315198743e-01,-8.077038757085487630e-02,-3.567923778643694033e-01,2.536041023120992888e-01,-1.176696026836157455e-01
-7.864360406640192869e-01,-1.349426402942335013e-01,-7.870762651505089913e-01,-7.422801046264801972e-01,6.583388523433578721e-01,-3.554344879076070107e-01,-5.779522654147892791e-01,-5.876075091460425392e-01,4.225255046682044324e-01,-8.980679450271512876e-02,-5.621922324014367867e-01,-3.560680337409116158e-01,-6.608500463999269492e-01,-4.637402879803691480e-01,5.200389547173356330e-01,-4.963575247150058267e-01,-3.685326022181498740e-01,-1.310507595624048338e-01,4.614116633819175806e-01,-9.351261932771069985e-01,-7.834209726144610864e-01,-4.135870712270772187e-01,-8.384770284832083753e-01,-7.025623129627239782e-01,7.272315011505409155e-01,-6.157287087358154221e-01,-5.363853150875348419e-01,-4.407715716261348948e-01,2.456778853487798231e-01,-8.995735847283792275e-01
1.739097035649603606e+00,9.022960995610362911e-01,1.667721087955045034e+00,1.719411614579424707e+00,-3.569262097586591298e-01,5.281282132612442615e-01,7.256422969524621847e-01,1.013987339163470836e+00,1.034389437848166393e+00,-8.701688789899166832e-01,1.257149485903875652e+00,5.660394312076786338e-01,8.196243721399045778e-01,1.013019542984204824e+00,-3.186779447674424337e-01,4.941571561644916843e-01,2.957413611738682890e-01,1.266161343871979872e-01,7.345966657921045861e-01,2.121155942472353895e-01,1.661451240129326212e+00,9.993179845274845485e-01,1.469701998137594945e+00,1.539573225556985170e+00,-5.435253306743834667e-01,6.532916839726490288e-01,6.463967737647907663e-01,6.607657363292858133e-01,1.242795979334370582e+00,-1.053641719541590152e-02
-1.352335658297891541e-01,-6.676421741113061081e-01,-1.923106422065917476e-01,-2.329062223068349702e-01,-1.358529773149671938e+00,-8.209695755456973831e-01,-8.859623837939861746e-01,-8.167073798764722392e-01,-1.668009600363334899e+00,-4.480513101569818524e-01,-7.594702500490007058e-01,-5.160971048121499871e-01,-6.811503812280931269e-01,-5.408844582546379343e-01,-8.226940745242066200e-01,-7.460038103902296713e-01,-6.861882246559644072e-01,-6.263437890433081190e-01,-8.971630795458735985e-01,-4.559713577863516165e-01,-3.256576646964755017e-01,-3.871776309325994370e-01,-3.306476467978257672e-01,-3.884799317999426127e-01,-9.815677880611322070e-01,-6.105622134983255123e-01,-8.108060584186727038e-01,-4.340287166525623741e-01,-8.861858970132417967e-01,-2.029274256899311069e-01
-1.352335658297891541e-01,-8.412975287477088004e-01,-1.853133995837220327e-01,-2.230346354401751829e-01,-1.088621542167359790e-01,-7.120267333156360401e-01,-5.271841354733510787e-01,-2.885414321994311804e-01,-3.423044118067495312e-01,-8.548948880124093153e-01,-2.751138267924368441e-01,-1.000619303829225037e+00,-4.167626871565006663e-01,-2.729992076319023853e-01,-1.699948239685007967e-01,-7.078036244356157303e-01,-4.585350285755306343e-01,-1.374129050920246675e-01,-1.952123782856171330e-01,-7.278755635333543639e-01,-2.882043031395494226e-01,-1.070521898552212470e+00,-3.897394295456227953e-01,-3.413940273808171999e-01,-1.618645757235527283e-01,-7.984934777620218416e-01,-5.798910426888127523e-01,-3.365638129436521186e-01,-5.945011127630849268e-01,-1.052701122101564524e+00
1.337413694278273835e-01,8.201618102059806681e-01,1.855404594283680542e-01,7.678451900616743708e-03,-7.919370897669597564e-01,5.605630349409473911e-01,1.763890797200293736e-01,-2.872262779472474770e-01,-1.300162831011095532e+00,-1.786736510991226434e-01,-6.244161232723529631e-01,-1.749727801037133101e-01,-3.065608695178843601e-01,-4.351291259280992141e-01,-8.996556018100023699e-01,1.116658777988271956e+00,1.026349292780841749e+00,6.626268952576682691e-01,-5.137240402885259183e-01,2.103196615804785174e-01,-1.571175376903078957e-01,2.862630965765840529e-01,-3.608860792301994691e-02,-2.530418247067275916e-01,-1.254802192173658737e+00,4.156329030481121789e-01,4.379517492136131285e-01,-5.642883813250721553e-02,-1.025687315567664681e+00,-2.147064670263300890e-01
4.621739219529173437e-01,8.205692581719834303e-03,6.263667446691538743e-01,2.939544710337507194e-01,2.053249773361710329e+00,2.533363365341707585e+00,2.551027415690525046e+00,1.996933627245693010e+00,2.054162659814770642e+00,1.843047336469143760e+00,4.185411384844816007e-01,2.241759421986825040e-01,2.990657861890723690e-01,2.362794768985038152e-01,7.663158420318821884e-01,2.149677891127128593e+00,2.077415690553022110e+00,1.739420026145823028e+00,4.270076114024390357e+00,1.260581085099945042e+00,2.340620163486979155e-01,-2.254198091289228711e-01,3.688550809578228229e-01,6.756556942799241128e-02,1.017814121397196514e+00,1.626530224334815422e+00,1.972604338225725229e+00,1.522012212499217032e+00,2.124191305655496631e+00,1.185316731814222369e+00
-1.259831926717424944e+00,-2.546240333544564360e-01,-1.268651198606830066e+00,-1.038145665287226516e+00,-9.084193419344713805e-01,-9.413600018980067263e-01,-9.335811260219357699e-01,-1.118167037562058264e+00,-4.770601589951929955e-01,1.892906769953762169e-01,-2.135970255905081938e-01,2.020010131818827104e-01,-2.819104629408256124e-01,-4.046105530723445032e-01,1.307011508197195804e+00,-7.029613473427773762e-01,-7.011367245353909983e-01,-1.266057522046581285e+00,7.786982805309686784e-01,-3.022395215119563217e-01,-1.058078957365252704e+00,-1.511432583007041863e-01,-1.079643492083354861e+00,-8.760923876759059148e-01,3.152113679649860001e-01,-8.217427063307265467e-01,-1.006390598656945246e+00,-1.366688156860783154e+00,2.409221551707886599e-01,-2.870634352356374874e-01
-3.136064176322088670e-01,7.122138870536220967e-01,-4.063439459649561547e-01,-3.609548062343647667e-01,-2.389613412706537154e+00,-1.607227811675439266e+00,-1.099805809539870394e+00,-1.221196221678142457e+00,-1.515043617068343895e+00,-1.446414902232245225e+00,-8.093200717126324273e-01,-1.121438145561143157e-01,-8.493531555186127902e-01,-5.453350834627688215e-01,-1.169512191101473420e+00,-1.258101514497294238e+00,-9.725454254712296853e-01,-1.597207196863293044e+00,-5.443501616349595285e-01,-1.024455884121597826e+00,-4.650673993805893303e-01,5.751163497974349781e-01,-5.676146943651335652e-01,-4.729523970312579095e-01,-2.180763228332776027e+00,-1.410594001023641519e+00,-1.274658389084473598e+00,-1.607913793540336256e+00,-9.670333100391004244e-01,-1.426825911214805176e+00
6.037396773516630066e-01,7.625981804733769631e-02,7.374994216206126607e-01,4.552844049688762884e-01,4.929628153154090864e-01,1.634728011745229637e+00,1.696913467792384056e+00,1.148396103736661678e+00,1.238344082241488175e+00,4.197890862923088218e-01,-3.087005860693519121e-01,-4.009722649999311050e-01,1.023458748780336769e-01,-1.473220291356349410e-01,7.230863884075202641e-01,1.563762362893683422e+00,1.493801341093743185e+00,1.631263552142286022e+00,8.767018688395562531e-01,9.103742150823392887e-01,2.403042432748525026e-01,-4.102858911902675931e-01,4.498438187339910410e-01,1.105953847023994491e-01,2.675037735961314223e-01,1.249376071998050008e+00,1.506471542497747063e+00,9.703240782978375112e-01,6.546706806560648184e-01,4.202399516785998990e-01
-8.968573298750410761e-01,5.080515106567711214e-01,-8.224740807720847258e-01,-7.989712177750120103e-01,1.938205573690094274e+00,3.468747979923156866e-01,1.952854060009617254e-01,2.212123559470355605e-01,3.059799935863065090e-01,8.252441195134160301e-01,-5.848191018090426185e-01,4.163586603442802625e-01,-5.008640743017603869e-01,-4.895963010942724902e-01,3.520335781317476265e-01,-4.301797377795478772e-01,-2.140647701307420436e-01,-2.423883063307516184e-01,-8.579616442224384798e-01,-2.803291429775213728e-01,-7.064335071918909081e-01,1.618289241429308412e+00,-5.964106900188825833e-01,-6.401338104744452862e-01,2.574816519435243922e+00,1.101638721315198743e-01,6.105404048626386082e-01,4.324281474514927726e-01,9.349451965304583778e-02,6.838661149218134838e-01
-1.570427194062272713e+00,-1.427971024140960665e+00,-1.537427635826469130e+00,-1.221475135668051326e+00,5.648654401101695921e-01,-5.208520784740923171e-01,-7.967717237479855497e-01,-8.727329510195049878e-01,-4.843442534378118447e-01,1.180711545899046033e+00,-9.733648749177751247e-01,-9.671721192288852409e-01,-8.648200772924535817e-01,-6.955118940571284325e-01,2.973417693797139050e-01,-4.312557993557341596e-01,-4.613378723029231132e-01,-7.275019029642632029e-01,-5.700761035659634990e-01,3.755093903845932446e-02,-1.407019442537280840e+00,-1.169557299656504457e+00,-1.313910915058124074e+00,-1.060556267909633643e+00,1.412486038448623527e+00,-1.888470397382098209e-01,-4.742342756571377715e-01,-4.453689727444796742e-01,1.236141441136600766e-01,1.179707664511175258e+00
3.800657838216450757e-01,1.118191945865752546e+00,4.905379172840378388e-01,2.169560934738041513e-01,1.621834024593148404e+00,1.590845605943278507e+00,1.437403920200913454e+00,9.711133105422765643e-01,-1.452016188891212811e-02,1.121004126623335040e+00,-2.436483365224847986e-01,1.401295090840470436e+00,3.806148125550752603e-02,-1.600381011588659363e-01,8.347624769371214670e-01,1.278606045204311314e+00,8.522615546016863997e-01,1.354510221603824061e+00,5.837190646285229240e-02,7.828629957425954355e-01,1.820434586307449754e-01,1.781697653251389069e+00,3.178621719876425500e-01,5.716081901327930287e-02,1.807157955500050539e+00,1.575511083864601813e+00,1.513164731359482040e+00,1.564921289603768528e+00,1.711714458935769956e-01,1.280670875966023248e+00
-1.200940572471546730e+00,-4.493996338250165201e-01,-1.192093132262491917e+00,-1.012479539433911224e+00,9.459493515223997839e-01,-5.971693059557465766e-01,-8.986859101564808050e-01,-7.564733151264512179e-01,4.480198352173687670e-01,1.294550843688142480e-02,-6.657808689081324838e-01,2.574383357238821946e-01,-6.482831724586813893e-01,-5.879339247405931390e-01,8.940392277402239296e-01,-7.072655936475226168e-01,-7.738549479071848980e-01,-6.945777998484806703e-01,1.870016161178733594e-01,-4.843470939211115267e-01,-1.209973145901675151e+00,-3.822258608773852484e-01,-1.200526682171487947e+00,-9.617993148208310306e-01,4.323118268703536327e-01,-8.269092015682164565e-01,-1.015761063063374436e+00,-8.934623350791556229e-01,1.331256044696432772e-01,-5.647122667364680160e-01
3.885597291455696323e-01,1.842077411996954073e-01,4.329135662721707578e-01,2.547501689061590358e-01,1.456457987565199508e+00,1.003202954334541541e+00,1.262297963330940354e+00,1.127090604851283207e+00,4.298095991108222269e-01,6.502874955892394837e-01,8.661288989536860550e-01,2.371113174584821848e-01,8.781086700972401404e-01,5.688047603059974699e-01,9.167436880320473103e-02,1.960880995608842159e-01,5.261974009816944298e-01,7.151145958770313005e-01,-2.515644415630550745e-01,1.478212047773363180e-01,1.033067062896454891e+00,6.394893605152246474e-01,1.049760394853758161e+00,8.500380709548093217e-01,1.585968199789910438e+00,8.948253363253032555e-01,1.342010330466542722e+00,1.500557673946941284e+00,4.470037962170944623e-01,1.011435645419763274e+00
1.495603936363760100e+00,-2.358504815018727663e-01,1.453687784196679988e+00,1.383777661112991719e+00,5.720557025896457759e-01,7.742512718895788737e-01,9.284628657011358976e-01,1.219414433354590654e+00,2.986958991436876598e-01,-5.327525328504324476e-01,2.435364454100297504e-01,-3.836019039367713490e-01,2.162787687080168497e-02,2.773947764402843741e-01,-4.372314463736467482e-01,-1.961363449590256269e-01,-6.956260462961860735e-02,4.924395023403377869e-01,-5.320997130963857069e-01,-6.664546663302665097e-01,1.571979320854447248e+00,5.140445191164548788e-01,1.358717431555438448e+00,1.324424149184950883e+00,8.790283923241669628e-01,7.889121839567598826e-01,7.506192860403796407e-01,1.701310856114665482e+00,1.085856883460644573e+00,-3.364232275024521268e-01
-1.483505820247442930e+00,-8.671111625450117488e-01,-1.446463481729163947e+00,-1.165912203875709041e+00,-9.213618143975282893e-01,-5.082597359396192616e-01,-5.251685273367182605e-01,-6.436330802890752878e-01,4.334516463321321789e-01,4.794965055680199262e-01,4.811185741898918455e-01,-4.964990974915332346e-03,6.857388305350944346e-01,-2.096307820494673624e-01,1.290636715157664982e+00,1.804852067061826215e-01,-2.129140710230356323e-02,5.035732570171725930e-01,9.551047394864258244e-01,1.269883858429556867e-01,-1.301317733254400588e+00,-1.293351551036869163e+00,-1.254819132310327046e+00,-1.013999418596341018e+00,-1.302509786542512149e+00,-8.262633896635303010e-01,-8.614352513085115071e-01,-1.020044112537582981e+00,-7.466844784588189121e-01,-5.361060234909280631e-01
-3.730640348996818179e-01,-4.048124481751290693e-01,-3.635372852132834898e-01,-4.120050126019482173e-01,-1.100399350136482157e+00,-2.798804327007692883e-01,-1.889398950446624648e-01,-1.959545728456870695e-01,-8.631171644539789023e-01,-7.299258709237108622e-01,-1.347565274983814065e-01,1.151492078660833335e-01,-9.195732990584219724e-02,-2.013653352343671155e-01,-5.135379819378613764e-01,4.914670022240262282e-01,3.932180374709621229e-01,3.095278183637678593e-01,-2.307386790474802718e-01,8.855542677435705723e-02,-5.191666994072603458e-01,-7.387533048528355240e-01,-4.914252891979233318e-01,-5.043429999773415551e-01,-1.569672315008094010e+00,-4.620254754204899950e-01,-4.039557926089195616e-01,-4.784702607965623522e-01,-1.453703031586916605e+00,-7.481287675461082420e-01
1.509760511903635027e+00,3.401932637902278789e-02,1.424875608690746143e+00,1.451468542484373181e+00,5.576751776306932973e-01,2.896368773810750197e-01,6.173033596084502861e-01,9.897885009232875175e-01,-1.274236257495001690e-01,-8.729459682585543057e-01,6.854674885273325247e-01,-1.050512894117024532e+00,4.537350039274812286e-01,6.554859845976896970e-01,-7.663647864682199273e-01,-4.108106294081943499e-01,-1.661049996842484666e-01,1.234350616223881952e-01,-8.481612853915797556e-01,-4.563305443197028799e-01,1.969401101819607591e+00,-1.593962083927286111e-01,1.679672799779513559e+00,1.931074003873309852e+00,7.879502576199918229e-01,4.091747840012497361e-01,7.510973709590750280e-01,1.313596695134251480e+00,7.513705276085623774e-01,3.159112998419240648e-01
-5.372803111622267425e-01,2.006345990707065208e-01,-5.108909828007730525e-01,-5.676940397561254237e-01,9.962811888787326264e-01,2.209513726475861306e-01,-9.004912084111649229e-02,-7.001847131329816953e-01,1.140008807266136737e+00,8.585691907370692766e-01,-7.810364849531250542e-01,-7.517057256156474132e-01,-9.050824080349830769e-01,-5.826355613975802150e-01,-2.348390044050436554e-01,-1.966743757471187681e-01,2.129017576753792773e-01,-3.180978381332276173e-01,-9.032883038151602317e-01,-2.677952696896334413e-03,-6.398497533129111625e-01,-2.254198091289228711e-01,-6.591019722233982803e-01,-6.378412383491695037e-01,3.759301244344356308e-01,-1.371820873633104454e-01,3.772349645393019424e-01,-5.103455752170866777e-01,-3.107425454762480221e-01,2.536506527781013931e-01
1.747590980973527497e+00,-1.136980970425907733e+00,1.778853764906503265e+00,1.812486576465074162e+00,3.275867782874603007e-01,5.567471735668645394e-01,1.374416165931139133e+00,1.473502234876513883e+00,-7.236067446293317079e-03,-5.452494345593021929e-01,1.255735306565900045e+00,-7.786852225860873000e-01,1.246898086142258499e+00,1.152260531638585217e+00,1.474034397200412183e+00,-5.517227847861905926e-02,7.491791908498073305e-01,1.106386545948650602e+00,-3.691687475333596535e-01,4.649829137266144330e-01,1.311886532264682437e+00,-1.463362322932569404e+00,1.352718265794240260e+00,1.230957747154476811e+00,2.544926114955351482e-01,-3.083222421051646234e-01,5.995444517326454781e-01,7.404540223805963217e-01,-8.576515159452917647e-01,-3.975620611056650544e-01
1.538073662983384438e+00,2.249298444983942158e+00,1.717113388822359532e+00,1.558645771322393792e+00,-2.260634326321949439e-01,1.959076228542260045e+00,1.127504169193623174e+00,1.739163393817654946e+00,2.986958991436876598e-01,-6.064735718201873238e-02,1.557662595223641588e+00,-6.812901726315109298e-03,2.078245131486205821e+00,1.405734233968325864e+00,-2.073293520986316252e-01,1.184450657288009134e+00,1.808247683507763492e-01,5.242502299884369554e-01,-1.486606738390383875e-01,5.141914687957549468e-01,1.834152851752930191e+00,1.771794113140960691e+00,2.144608146272332760e+00,1.849952220978936301e+00,-1.488534136229564542e-01,1.809294993361021620e+00,7.195437663251811333e-01,1.224713606846251412e+00,-1.379510156758829986e-01,9.329087031771040595e-01
-8.940260147670657798e-01,-3.672653444699608971e-01,-8.681619590743510084e-01,-8.144837114226203267e-01,8.096077524143183157e-02,-1.163707728213253245e-01,-4.568898017082828056e-01,-5.365795241613086075e-01,-6.992250394950612069e-01,1.837364984581009997e-01,-8.885141146392531164e-01,7.027848268112774077e-01,-8.184193119709309849e-01,-6.354072602939893066e-01,8.226451300878689921e-01,4.382019542028036674e-01,3.483725378326825162e-01,2.490874358323795501e-01,-9.008382141074454674e-01,-1.028909955019344374e-01,-9.602840688555013271e-01,1.608182551778148672e-01,-9.200656828354966121e-01,-8.279483730451145940e-01,4.886935293062728003e-01,-1.124876594949342050e-02,-2.978209406585491936e-01,-2.386391691229071965e-01,-9.765447703950840275e-01,-6.101802292283956680e-02
2.215121377750498277e-01,7.849614004823859403e-01,4.205654910553415227e-01,8.636910149484759713e-02,2.679075997078093629e-01,2.268160999842959491e+00,2.323011745233941827e+00,1.284383053412473830e+00,8.377188878974646258e-01,8.641233692743445216e-01,-5.268377489520524870e-01,-6.057207762550490537e-01,2.937490318293147218e-01,-3.365795677480579728e-01,-7.884372877143922334e-03,1.963519238446897131e+00,1.446152997728070932e+00,1.661483743407980107e+00,-6.840052749746962091e-01,7.052787045386950115e-01,2.390704316816850278e-02,3.357807971287300464e-01,5.488300537937529366e-01,-7.810093637799137012e-02,4.496600430044828123e-01,2.946569757513492593e+00,2.999052658664667081e+00,2.043051005911630913e+00,-6.185933282801558269e-02,1.774268798634166977e+00
-1.437275111537142103e-01,1.359901425967772637e+00,-1.577360315994711104e-01,-2.021632803506656362e-01,-6.212544810014084679e-02,-3.531449710831571775e-01,-3.336014199831963817e-02,-8.916404756835702439e-02,-7.356455117081542872e-01,-5.619119701711289272e-01,1.926259892429165732e-01,1.613469766510831072e-01,1.327542042635623896e-03,6.503637365232479983e-02,-3.658373487212917552e-01,-5.786762352932585118e-01,-1.978705619280299310e-01,-3.138033899007343641e-01,-7.256568000058457590e-01,-5.263719183232241638e-01,1.570745509261273765e-01,1.606735111300474417e+00,4.490012985314826427e-02,5.204661965689492270e-02,-2.182462781594707024e-01,-3.774241159065923612e-01,2.022558842967995818e-01,6.463605798390664736e-02,-4.026866622507535576e-01,-5.551768523212885498e-01
-1.041254400381761647e+00,-8.741512444897305834e-01,-1.039800204588270605e+00,-9.160200334796924082e-01,6.870999022612628293e-01,-5.036807022907201503e-01,-1.036213372829106305e+00,-9.500640210479163184e-01,-8.371905909378932198e-02,2.420553730994937924e-01,-7.449749118347531729e-01,-5.543488573661297103e-01,-7.976356358373323241e-01,-5.978948478254575427e-01,-1.559125019545042623e-01,-9.455594296939807686e-01,-9.344890361948561264e-01,-1.100959845552946792e+00,-6.803301404131241181e-01,-3.589909937814759755e-01,-9.810914919426824143e-01,-9.467276471718477637e-01,-1.008853336101222409e+00,-8.492869289803738342e-01,1.113698283889737600e-01,-8.876155206087230631e-01,-1.186628613005096700e+00,-1.065711630313141756e+00,-4.597554243866536772e-01,-6.606618349558232572e-02
-3.504135140358824452e-01,-2.264637055755809314e-01,-3.059129342014157982e-01,-4.548759041371563949e-01,1.873493211374810175e+00,1.192088092351635487e+00,-5.120670744486052195e-01,1.249430646871765721e-01,-3.714407895772238177e-01,1.357056714457540947e+00,1.434832572482724056e-01,-6.225022426831458566e-02,1.535800532538817431e-01,-1.208302124205700989e-01,-5.620073693348730526e-01,-1.261923425069153837e-01,-5.846629963081924064e-01,8.685272482707405428e-02,-2.956660563019192223e-01,-1.872998308395112665e-01,-2.465894569651868595e-01,-1.924080087608257272e-01,-2.337611197544832986e-01,-3.567366254499703682e-01,6.101310422451733384e-01,2.800124030640013251e-01,-7.171014143543816832e-01,-7.022104148754167163e-02,-5.120684563445626614e-01,2.839396162145556013e-01
9.350035449847282631e-01,1.496009676899006768e+00,9.309526000175964988e-01,8.281483431895692027e-01,3.491575657258880749e-01,2.095037885253379362e-01,9.990091504832832037e-01,4.653049851523613500e-01,-1.831901725322253593e+00,-5.688546933427234276e-01,4.510672632579150743e-01,8.580093299288759079e-01,4.392347647645052922e-01,3.912036210482029985e-01,7.906053103128192205e+00,3.223587344161065626e+00,3.456103377349301731e+00,4.354261838819570407e+00,1.441250462328660664e-01,3.139126654527719662e+00,3.817947202676844065e-01,4.183102980489731282e-01,3.988509097638111567e-01,2.539693183831075451e-01,-3.136614668971786646e-01,-4.742959016095286695e-01,2.727680405429697835e-02,-6.562364036919692001e-02,-2.064021737762516739e+00,-8.799418491677142296e-01
-1.325518437222442669e+00,-2.029967657598505393e-01,-1.319689909503055647e+00,-1.059863156393878070e+00,3.707283531643167929e-01,-8.406212616222232814e-01,-7.785052750097510854e-01,-9.000881594649293715e-01,-1.110776375503011337e+00,9.488245919677951168e-01,3.743480341727514760e-01,8.188681434088405930e-02,1.975641120482416191e-01,-2.032727460378517814e-01,-5.013133891913384294e-02,-8.960067941106011347e-01,-2.909872590936245507e-01,-8.475873998358374184e-01,-1.413104047158942056e-01,-3.977831393834261875e-01,-8.770543765067765341e-01,-8.511965756450992626e-02,-9.392630132713292168e-01,-7.713394767209973413e-01,7.667339612071663590e-02,-9.547799586960923346e-01,-7.658660760613086316e-01,-9.756025683935832804e-01,-7.149796106055409384e-01,-1.406667786261084629e-01
-1.946911830972625490e-01,1.044201458262131871e-01,-2.487001856967759328e-01,-2.509571240058699471e-01,-3.784969971970868485e-01,-7.772779628124502072e-01,-3.819343741272512305e-01,-3.656094713774058480e-01,-7.757080311425562646e-01,-8.396208970349009482e-01,2.392939073961037055e-01,-1.029042607991142028e-01,1.371464488691756800e-01,7.054667152905824690e-02,-3.229353909577205028e-01,-8.073393202328492668e-01,-3.523383940154377614e-01,-3.898310289796911299e-01,-6.582793330436920165e-01,-7.012957600653514367e-01,3.630680394892213947e-01,7.154165013618484226e-01,2.848667603010550664e-01,2.056489520503719803e-01,3.715930704009039465e-01,-6.338114420670303284e-01,-4.873869801826543474e-02,2.785684903714803415e-02,-3.332495176006595311e-02,-5.697604273092107263e-01
-7.128218478566716865e-01,-1.488985067661858785e+00,-7.220430690085444247e-01,-6.819224020703316125e-01,-4.252337033136819877e-01,-5.412669368254349189e-01,-5.913056693199815195e-01,-3.887561862158418480e-01,-6.955829922737513105e-01,4.253432648295840668e-01,-6.028498883682285037e-01,-1.226249206575162676e+00,-6.685835072868474560e-01,-5.154523142081757214e-01,-2.738110118391275383e-01,-6.636850998119770972e-01,-4.949719970316329709e-01,-7.968492892371191738e-01,-4.977984571883803389e-01,-4.559713577863516165e-01,-6.606571764000922498e-01,-1.382483412030731440e+00,-7.241929207323930529e-01,-6.427790860036095566e-01,5.017046914068691299e-01,-4.368388111377266569e-01,-3.939160093163168730e-01,-4.550235150930038719e-01,-2.108722117384221051e-01,2.070953941628107531e-01
-3.305943082800584798e-01,-7.427363815216424525e-01,-3.598328626482347192e-01,-3.967745642933872552e-01,3.419673032464128348e-01,-4.615154341071062150e-01,-3.445196480910052150e-01,-3.834955692071064237e-01,-2.949577979297288155e-01,2.698262657858699343e-01,-6.809832967913677093e-01,-8.113932428858670054e-01,-7.865187858123841025e-01,-4.747608837338361254e-01,5.685083421143475313e-01,-3.015903794252839387e-01,-2.950358111443026621e-01,-9.128735000228090091e-02,6.953952304686694674e-01,3.252593522529235726e-01,-5.191666994072603458e-01,-9.252699769325847257e-01,-5.487173222173610254e-01,-5.142186952862218829e-01,7.272315011505409155e-01,-2.966976278208121043e-01,-2.414069202524964652e-01,-1.315197230654727711e-01,7.529557710012270144e-01,6.715261668551092411e-01
-7.294463345434137880e-02,-5.291872291984986987e-01,-3.795970199623245611e-02,-2.128810032344679026e-01,4.929628153154090864e-01,9.173460734176804854e-01,1.273846068981447921e-01,2.035892889677718143e-01,1.074451957282569481e+00,8.891171726920840124e-01,-5.151707694137558358e-01,-1.605245548331522831e-02,-4.472131893987498774e-01,-3.683697478061357944e-01,-3.370177129717170650e-01,4.704838014883931385e-01,1.951504140685602073e-01,3.906451738664206141e-01,-1.449855392774660745e-01,2.656343877165925349e-01,-1.009374953549188186e-01,2.301430359508187806e-01,-8.108235113200247535e-02,-2.237674421839753458e-01,6.274792583793012968e-01,1.189961376766915713e+00,9.036064600228956856e-01,7.848955665245961333e-01,1.149266619167200520e+00,1.235798337541646141e+00
-1.562782643270740124e+00,4.212238333385695532e-01,-1.532076803232510276e+00,-1.220064908972814166e+00,2.053249773361710329e+00,-2.669065040288880475e-01,-7.419723775332819349e-01,-1.026369270759624364e+00,6.196282975858286718e-02,6.683385758353854733e-01,-1.549085830645303696e-01,1.597173630488868623e+00,-1.765420583565346091e-01,-4.595015973059587977e-01,1.618132575948284746e+00,3.219873039746825039e-01,-8.793680239808043808e-02,-4.190968984159423316e-01,1.592128063492243450e+00,-2.774556507107103220e-01,-1.387876613297074346e+00,2.482995261532721654e-01,-1.351105742777549468e+00,-1.063554246842686624e+00,1.403811930381559048e+00,-5.356480325547214871e-01,-8.824709877311073258e-01,-1.324085573164121232e+00,1.061764667943573687e-01,-3.784912322753053449e-01
5.725952111639390774e-01,-1.014952883384111493e+00,5.111180426454190462e-01,4.107212413993836519e-01,-5.709226436450757364e-02,-3.550529017701986034e-01,-4.270336061844097197e-01,-7.890584440132282495e-02,-2.767475618231822754e-01,-5.563577916338536822e-01,-5.773946602846719012e-01,-1.044969161862824514e+00,-5.458148157069854234e-01,-3.865961177061004173e-01,-9.926644262745385472e-01,-7.088796860118019572e-01,-4.519950598782815909e-01,-5.005323611950761586e-01,-6.827802301208388824e-01,-7.900148338031450779e-01,3.068879971538323037e-01,-9.830406275767551438e-01,2.638696801368635714e-01,1.250562242618311337e-01,-4.741324661378686356e-01,-5.201485468422517577e-01,-2.084190608625164087e-01,-1.964962918574860579e-02,-2.013607513824389184e-01,-7.711259434886009734e-01
-2.683053759046102327e-01,-1.232091703863682913e-01,-2.429377505955891692e-01,-3.378270884324759971e-01,1.442077462606247140e+00,3.716778969238532238e-01,4.245608315429405533e-01,6.607369070268841460e-01,1.154576996151373214e+00,6.961094685217615874e-01,-4.062789603896522217e-01,-5.709800541287293196e-01,-4.646134763943208790e-01,-3.353079605457349177e-01,-1.496900805994824946e-01,-1.224261269902634508e-01,-1.175223750761121705e-01,4.072716973733028073e-02,-3.850943306335048999e-01,-6.373966336663278165e-02,-1.175834338246637689e-01,3.985032178281146531e-01,-1.290756772215840842e-01,-2.073667339031564361e-01,2.041358873310788358e+00,1.058215748210922680e+00,1.080497879940179651e+00,1.449986261645148211e+00,1.577282335186452888e+00,1.908886413907296964e+00
8.217509406657311777e-01,1.125232027810471935e+00,8.609801737889001272e-01,6.907922630734741887e-01,1.722497699305812757e+00,8.772795289898122073e-01,1.924929138248967497e+00,1.894351595575351377e+00,1.591622662708489955e+00,1.476343379658110466e-01,7.031447302520247300e-01,3.609213378022808061e-01,5.513699476248518083e-01,5.872430647396826853e-01,4.188427337330338784e-01,2.789448409272299867e-01,5.479972966391915001e-01,-1.230980776503800972e-01,5.469677190128042349e-02,1.204869517051061940e-02,9.664833090174750341e-01,1.081847485447728241e+00,8.697854220178279361e-01,8.235853156631658400e-01,1.382126660213898184e+00,6.662079220663739143e-01,1.358743302620880167e+00,1.080661705138113549e+00,9.907422799008107628e-01,5.340695005932100115e-02
3.913910442535444845e-01,4.446907731542991127e-01,4.534936916335519652e-01,4.194646469098538000e-01,1.168847488386157485e+00,1.020374330517913375e+00,7.974483368200051547e-01,9.608551073752423788e-01,9.979689656350734239e-01,8.169128517075040508e-01,3.422258052344165691e+00,1.905784879328464507e-02,3.173496529596313120e+00,2.891395315349161610e+00,3.959180234776908391e-01,7.131356869184058977e-01,3.770238292682500658e-01,1.510382787079509237e+00,-4.820699582273627049e-02,7.164134870725881177e-01,1.442973297713924463e+00,3.489855172759686597e-01,1.499697826943583445e+00,1.536046191518099402e+00,8.746913382906352785e-01,9.523025958423789739e-01,7.004203695773666416e-01,1.520479745459768939e+00,1.553190119669380087e-01,1.174098597208128814e+00
-1.493901413696639147e-01,6.230395157538480833e-01,-1.943686547427297406e-01,-2.633671189239564780e-01,-1.163673659955870798e+00,-4.012248243965994554e-01,-6.069266323788855555e-01,-7.064974535434641600e-01,-6.409522839541117456e-01,-5.785745057829545512e-01,-2.263246396322864951e-01,1.318139107027471058e+00,-1.291746104241467963e-01,-2.821123925818846967e-01,-5.086255440260020189e-01,-8.476397182374248440e-02,-5.710552139676310091e-02,-3.141214971772151032e-01,-3.350645757644835077e-02,-2.914639255114145899e-01,-2.986080146831397997e-01,7.434765316747308228e-01,-2.832542372843642187e-01,-3.800150501066167918e-01,-1.345880326877833655e+00,-5.149820516047618479e-01,-6.181378361844416247e-01,-8.013610660083141379e-01,-7.276615577468520391e-01,-7.643950627249447294e-01
-5.910752982137504885e-01,-2.945178310411979417e-01,-6.500126302437100323e-01,-5.877192588284925190e-01,-1.359967825645567618e+00,-1.234418155427558617e+00,-1.100423089531714194e+00,-1.122822683614789208e+00,-1.562390230945365666e+00,-2.855915879416751624e-01,-5.957789916783516881e-01,-5.414134821063297798e-01,-6.729335790357402480e-01,-4.895963010942724902e-01,-7.401651176049705017e-01,-1.008724244216117061e+00,-9.853450784929886908e-01,-1.263353610196492838e+00,-7.244317551519885434e-01,-7.418838383340586873e-01,-6.585764340913741188e-01,-5.423330926626567239e-01,-7.307920030697104830e-01,-6.235567504916820214e-01,-1.311183894609576628e+00,-1.154981649148827172e+00,-1.275829697135277163e+00,-1.321327132493114176e+00,-1.163603490729423928e+00,-7.571032752309831970e-01
-5.344489960542518903e-01,8.799328795520205970e-02,-5.491700159729419051e-01,-5.454124579713791610e-01,8.339124198724002374e-03,-4.340412322137107703e-01,-5.924394488968374173e-01,-1.896418324352043827e-01,6.119119601762874616e-01,-3.647386320978495688e-01,-1.718787351202348823e-01,2.278717637014824604e-01,-2.659601998615522267e-01,-2.719395349632998671e-01,1.719108546969065066e-01,-4.221092759581505649e-01,-5.859087046314778169e-01,-7.856305894304121962e-02,-6.791050955592667915e-01,-1.732915560388070264e-01,-3.735147377969922355e-01,4.661774085827140035e-01,-4.485312540053598140e-01,-4.207522932557479223e-01,4.930305833398044846e-01,-3.134887373426544777e-01,-6.544722900052892811e-01,-9.474051411871414752e-02,-3.757375245754676074e-01,-1.193523228745300008e-01
1.226629001106143591e+00,6.394663736248592523e-01,1.165566029137342641e+00,1.186345923779795974e+00,-1.038289704811027059e-01,-1.245748747756031394e-01,3.325987103090699004e-01,5.310626977615547917e-01,-4.333555923394821763e-01,-7.618623975130448533e-01,6.854674885273325247e-01,-1.269169472115367096e-03,4.387514234590728646e-01,5.993233331617521253e-01,-3.235903826793015692e-01,-6.141862673074067747e-01,-1.330937291171815084e-01,-4.367518522606373410e-01,-6.925805889516977176e-01,-5.802498983259327670e-01,1.307725047647246397e+00,9.663061841593874046e-01,1.154745795674717357e+00,1.257410502446120404e+00,6.491645285469621607e-01,-1.630145635507601332e-01,5.828114795783078117e-01,3.634671306763203047e-01,3.233548115893109531e-01,-4.357037187663852507e-01
1.271930042833742336e+00,2.499151726837398890e-01,1.243770505510590985e+00,1.239934538198806280e+00,-9.663870800162645269e-02,5.686933356202973633e-02,7.571361740873494561e-01,7.635819695476624425e-01,-4.151453562329356362e-01,-8.007416472739733448e-01,1.594077713176507149e+00,1.194329086683672436e+00,1.340666299396168881e+00,1.133186423603738779e+00,1.231687460215352914e+00,8.525375721369438109e-02,5.601429527912256123e-01,1.147740491891179326e+00,2.886803389880323589e-01,1.424334067770656742e-01,1.055955228292354109e+00,2.846125065581795455e-01,9.837695714805840819e-01,9.276328198102972156e-01,9.835866628837748593e-02,-2.650528444911863235e-01,3.346854067754148621e-01,5.335709720550789736e-01,-8.941121139765613179e-01,-5.417150907939752846e-01
-7.439663140443955047e-01,-1.078313620886582447e+00,-7.364491567615115697e-01,-7.036398931769832776e-01,6.367680649049300978e-01,-4.071394095264275204e-01,-4.512209038240030945e-01,-7.520017906690260601e-01,-1.164974840855724642e-01,4.142349077550335767e-01,-7.021959868609982669e-01,-6.779395652251474225e-02,-6.241161071870550137e-01,-5.453350834627688215e-01,-6.654960613447091777e-01,-2.418689619469437946e-01,2.720729030314427699e-01,-6.133013907075873794e-01,-2.625898452477711253e-01,-7.415607283382309733e-02,-7.979861687754880029e-01,-6.001037433068271421e-01,-7.517890832339020335e-01,-7.219610001765960350e-01,1.590774227578271582e-01,-3.341547182926141168e-01,-7.168677411564293445e-02,-6.110286597088382399e-01,5.703392162177584740e-02,4.449198478120076072e-01
8.302448859896561784e-01,-2.464802316030240831e-02,8.856763242225579313e-01,6.786643134944351230e-01,1.319843000455153792e+00,1.022282261204955134e+00,1.286233309953454862e+00,1.597126734581797214e+00,1.165503137815302015e+00,6.848729380963564095e-02,-3.751670149541941890e-01,-9.677264924543051983e-01,-3.408781022035938801e-01,-1.714825659797739876e-01,-4.771859413901026192e-01,-2.989002254848180939e-01,-7.080831295290410110e-02,3.095278183637678593e-01,-1.078469717916759940e+00,-5.331964624569005551e-01,6.980675511928381427e-01,-1.065773278037729782e-01,7.917962671222583682e-01,5.502401776495154939e-01,1.681383388527618372e+00,9.083873863237146296e-01,1.086234898964524076e+00,2.147258764594114133e+00,3.233548115893109531e-01,3.781719469057467364e-01
1.753253611189477201e+00,1.848013774134957821e+00,1.688301213316426130e+00,1.787102495950806169e+00,3.060159908490325820e-01,9.884380867693941253e-02,7.936690715638188287e-01,1.184957391947373262e+00,1.097416866025320743e-02,-9.770868158324691466e-01,-1.525837343946274613e-02,-3.135660864587122010e-01,-1.311079756458768952e-01,2.600161446752020100e-01,-6.373314173167158314e-01,-5.302534643648747492e-01,-3.629269147633649162e-01,-5.899205058862345696e-01,-9.498400082617391993e-01,-6.926752832649181180e-01,1.684339405525225208e+00,2.248814628459964826e+00,1.655676136734723247e+00,1.705343825384618262e+00,8.963766084582960314e-01,2.696794125890215055e-01,4.981904489692287052e-01,8.507916492208720260e-01,3.899350340811943427e-01,-2.175110006778533112e-01
-1.295709356138394497e-01,-9.468987579184939829e-01,-1.486807764404634302e-01,-2.080862324706615751e-01,-9.393374705962184157e-01,-5.368786962452396505e-01,-5.846289673673853438e-01,-6.199603037497657398e-01,-6.915087020855169297e-02,-5.258098096788379472e-01,-9.256363222611065922e-01,-1.221444638621522749e+00,-8.493531555186127902e-01,-6.087035090452038721e-01,-5.819846168431009881e-01,2.262178236941007614e-01,-2.614016864155928599e-01,-5.627223337471096709e-01,-2.932159665942042359e-01,3.762638399888209584e-01,-3.527073147098111483e-01,-9.731370874663256565e-01,-2.742554886425678240e-01,-3.879508766941098252e-01,-1.748757378241490024e-01,3.723635054341341011e-01,-8.459506692041761367e-02,-1.345846571443694017e-01,7.640524747498739222e-01,7.018151302915633938e-01
-8.090865615278186596e-01,1.818610472181228788e-01,-7.475624244566573262e-01,-7.341007897941048688e-01,-1.117655980087224998e+00,2.762813625717854271e-01,4.839796304384769848e-02,1.999068570616569507e-01,2.855413048502817741e+00,-5.925881254769944928e-02,2.990429844255629299e-01,1.297812088762071436e+00,9.061002929555854457e-03,-1.142602418752339671e-01,2.865891805560547567e+00,3.065944323249771397e+00,1.500029882710171236e+00,3.654425830561389255e+00,1.666855799577541264e+00,9.685624334852646067e-01,-9.103462534462665179e-01,-5.291283725154181106e-01,-8.648733578324784288e-01,-7.748665107598831092e-01,-1.246128084106594036e+00,-4.420053063752165667e-01,-5.736759387457731618e-01,-3.224651161807279287e-01,7.922732911907058584e-02,-7.728086636795151732e-01
-4.013771859794313390e-01,-1.646213564427250420e+00,-4.528550292816781453e-01,-4.495170426952554421e-01,-5.676009004073073738e-01,-8.715297387522932260e-01,-8.225967029985932211e-01,-6.381094324299031451e-01,-8.303387394621958295e-01,-9.399379063076117053e-04,-6.247696681068467539e-01,-1.029261920475924574e+00,-6.434497594043561142e-01,-4.811189197454516786e-01,-2.810159207765209888e-01,-6.997331626142183625e-01,-7.395979690168322795e-01,-5.826040385271716859e-01,-4.218456762492253098e-01,2.131931538472897070e-01,-5.378933801857233021e-01,-1.422097572472447835e+00,-5.694144440934928442e-01,-5.468437601459156250e-01,-5.730630516395082523e-03,-5.944169158811694054e-01,-8.641125268532054982e-01,-4.895040234805901336e-01,-2.061164815604300815e-01,6.042173592185445807e-01
1.549398923415283846e+00,-2.428905634465920449e-01,1.597748661726348107e+00,1.578388945055713366e+00,1.168847488386157485e+00,1.201627745786842283e+00,2.039566851019957383e+00,2.112667201437873121e+00,7.867302267991339582e-01,-2.689290523298484836e-01,1.182197980991181119e+00,-2.858474251877122785e-01,9.346596028328458816e-01,1.207999314007081715e+00,-9.602423360562671872e-01,-1.541699434877595865e-01,2.325216637671266018e-01,1.806943713889664627e-01,-4.549218873033734623e-01,-1.804752867058347088e-01,2.183717559617573745e+00,1.410111749569563644e-01,2.033623579690176264e+00,2.389588428928465014e+00,5.320640696415944726e-01,8.515559387113251777e-01,1.942963073266612772e+00,1.693648520917424127e+00,1.169874783271831475e+00,4.690388372151100826e-01
-1.524276757802281557e+00,-5.503074750326557574e-01,-1.506969050291624868e+00,-1.184809241591886275e+00,5.864362275485983655e-01,-5.597738644897359839e-01,-1.119898903151928415e+00,-1.269909535179032822e+00,6.337642435041439537e-01,1.141832296138117542e+00,4.061670692771973123e-01,1.619348559505668250e+00,1.492299815049888123e-01,-2.378180750342963057e-01,2.892091474423797326e+00,-3.214975185847305794e-01,-1.022218044862240882e+00,-1.891774534884690828e+00,-2.356388584629094396e-01,1.047224284289218987e+00,-1.261991703619628202e+00,-4.515506416503891618e-01,-1.292613876605872125e+00,-9.875466633046975362e-01,6.274792583793012968e-01,-7.862230515729832225e-01,-1.312795223048802695e+00,-1.749804916722852210e+00,-7.292468011395162319e-01,2.682342277660244023e-01
1.186990589594494772e+00,3.273560740756487619e-01,1.190262179571000001e+00,1.121475495798888833e+00,7.949538394534035879e-01,4.041127186035560759e-01,8.566568258335932606e-01,1.215995032298912593e+00,1.785083408404808114e-01,-4.647138457688085311e-01,5.051596229354732293e-01,-5.177602244884099703e-01,1.738803880820477821e-01,5.783418143234209108e-01,-2.662786070409430828e-01,-3.693822587250214506e-01,-1.150309584295410581e-01,-2.280734788891070342e-01,-6.105025837432557223e-01,-3.934729009832095836e-01,1.170396055271850644e+00,1.096499646072637557e-01,1.052759977734356811e+00,1.086349351560158549e+00,7.662649874523309590e-01,5.542343572348801956e-03,4.843259863270631405e-01,5.642203128440445026e-01,2.678712928460745824e-01,-2.937943159992936759e-01
2.356687133149240887e-01,-3.789988143778261209e-01,2.044741747608385396e-01,6.690797310057550185e-02,1.506789824921531462e+00,5.128647677649135206e-01,8.188641732717285571e-01,9.984685189877009481e-01,5.317869213074836177e-01,-8.286407133112061452e-02,3.160634874818722295e+00,4.607085183778798498e-01,2.687738517636623303e+00,1.310363693794092343e+00,9.860655646223881465e-01,4.930810945883054575e-01,1.026037865700019980e+00,2.563317872231590133e+00,3.810684293827887092e+00,-3.352846825802843211e-01,4.816703510861541360e-01,-6.776814741718554247e-01,4.288467385697994905e-01,1.664988742187394066e-01,4.149636107362256743e-01,-2.346996849709329369e-01,2.911796791741369517e-01,8.048176380374236771e-01,8.068540463517988037e-01,-6.954035348974650921e-01
3.747665575668038263e-02,6.957870291826110387e-01,1.867752669500509777e-01,-2.447471675078937564e-02,6.583388523433578721e-01,1.854140040754985508e+00,1.569678204167439528e+00,1.006096413650367394e+00,5.026505435370083319e-01,1.411209955195976695e+00,1.066235275277200634e+00,1.206929401202834762e-01,1.215480901289144544e+00,4.388888911353197031e-01,7.918605191735504922e-01,2.417079192809426402e+00,1.126317385724506570e+00,1.047536699799667348e+00,-4.377712593493705007e-01,8.234510740113026861e-01,2.985650279189600020e-01,6.559952606992734969e-01,3.598563323160259841e-01,1.455130216873688764e-01,1.408148984415091842e+00,2.402150321862991156e+00,1.996508584160493260e+00,9.856487486923203312e-01,-9.673468746662185203e-02,1.645260250664083435e+00
-3.815579802236068740e-01,7.708812365929473831e-01,-4.182804186745575081e-01,-4.176459193828966354e-01,-3.734638134614535754e-01,-8.778259100195296982e-01,-5.264282824221138135e-01,-5.586741155979975115e-01,-8.230546450195769248e-01,-2.925343111132687191e-01,-5.844655569745488277e-01,3.276589442770811433e-01,-6.772836507846329290e-01,-4.281352863153220500e-01,1.669984167850471213e-01,-7.325530406879008360e-01,-2.959700923867668032e-01,-4.730160817794701877e-01,-5.026986366038098675e-01,-4.279548081849431362e-01,-3.631110262534015254e-01,1.293123007803549607e+00,-4.518307951740184736e-01,-3.939468345602156751e-01,4.496600430044828123e-01,-6.486651158748139023e-01,-2.720043550489996131e-01,-3.198599222136658260e-01,-1.205133383565803185e-01,-1.793693430171331427e-01
2.781384399345478986e-01,-6.559087042034409398e-01,3.168416592339802773e-01,5.675434089486822153e-02,1.384555362770439002e+00,1.470645972659673228e+00,3.137023840281375486e-01,9.747957424483914002e-01,6.920369990450924158e-01,2.656606318829149438e-01,1.021185116124929126e-01,-2.488892101597126316e-01,-3.008964281047884701e-02,-4.902022475446281974e-03,6.605346789965117482e-01,8.723928001939795784e-01,-2.440567791051751964e-02,1.699656616585698998e+00,3.621830302194727902e-01,4.179294778575822211e-01,-2.603077224106671930e-02,-1.189364379877362987e+00,-3.608860792301994691e-02,-2.017234794409390464e-01,3.065372598979214103e-01,2.296390744984746768e-01,-3.757487824058931558e-01,4.308956804120446793e-01,-4.993865092032511166e-01,-3.409104813448896598e-01
-3.815579802236068740e-01,2.404180247767760736e+00,-4.335097114419798059e-01,-4.131331939581379675e-01,-9.335852606126378017e-01,-1.169166925930744450e+00,-8.683258125984493203e-01,-8.756262903743093906e-01,-9.905888171998046277e-01,-8.868314146017423072e-01,-5.696166739258073930e-01,3.036361045088815658e-01,-6.676168246759823788e-01,-4.516600195582995969e-01,6.045328868013160051e-01,-7.158740862570129870e-01,-6.086428815314391949e-01,-4.117804310568793924e-01,-1.964374231394744319e-01,-7.523002478012489336e-01,-4.921170493939249768e-01,1.727228182644028776e+00,-5.700143606696129739e-01,-4.978179870054027512e-01,-3.526949531989680975e-01,-9.450927801257986705e-01,-8.991083429017060480e-01,-7.540078344893624829e-01,-7.894860500607442377e-01,-1.067284697089487588e+00
-3.164377327401837192e-01,6.183461277907021936e-01,-1.803741694969903664e-01,-3.795697986114947575e-01,2.268957647745991846e+00,1.709137308539842692e+00,1.221985800598284877e+00,1.190218008956108964e+00,1.963111479282038108e+00,1.545898784724906383e+00,-3.383983521668345040e-01,-3.708513197521114968e-01,-2.185927519291643861e-01,-3.338244188096912701e-01,-4.120142650927690608e-01,5.049177719263551189e-01,8.428237329614647610e-02,5.822306994378490669e-02,1.049236109094314751e-01,-2.566589083138528377e-02,-1.550367953815898203e-01,8.573672429446664855e-01,-2.708985928122352449e-02,-2.428134259939588591e-01,1.681383388527618372e+00,1.855793450498431030e+00,1.264082488719198816e+00,1.407077184540596049e+00,2.335028676879795206e+00,1.308716212481258800e+00
-2.161755754968559470e-03,-1.479598291735566562e+00,-7.623873516840125319e-02,-1.068319557526369173e-01,-1.908311464827620318e-01,-9.646367562799113005e-01,-8.975521305796247962e-01,-5.510462209353310659e-01,-1.595168655937148738e+00,-7.993531026396540895e-01,-5.123424107378049541e-01,-2.248663703915130541e-01,-6.284661789359476947e-01,-3.423018001585119707e-01,-9.729074287298314361e-02,-7.702151958544216637e-01,-8.441751827566540411e-01,-8.377260742649266234e-01,-7.856839978448554307e-01,-4.829103477877059181e-01,-1.467138261467175187e-01,-1.243833850484723058e+00,-2.610573239679325752e-01,-2.241201455878640281e-01,-1.488534136229564542e-01,-9.160312444149177891e-01,-1.059075556697174125e+00,-8.471818304878175887e-01,-1.276155771608560530e+00,-7.313015656369664663e-01
-6.816773816689473131e-01,-8.764979384713039723e-01,-6.936424960098384052e-01,-6.602049109636801694e-01,1.384555362770439002e+00,-5.878204455892438451e-01,-6.152410159424958058e-01,-4.150592712595192468e-01,7.211733768155665913e-01,3.198138726213508587e-01,-2.029906805556929150e-01,-8.559278919946063935e-01,-2.432431585062233559e-01,-3.293737936015603274e-01,8.341074852155402342e-01,-7.890462734376819665e-01,-5.080519344261311687e-01,-1.087832502087355269e-01,-1.278349113234635848e-01,-2.587779509764380204e-01,-6.606571764000922498e-01,-1.217424410190245387e+00,-6.881979261652070301e-01,-6.359013696277823202e-01,6.274792583793012968e-01,-9.121563729868004122e-01,-7.931169164269441518e-01,-5.446728369007279857e-01,-2.219689154870690406e-01,-3.257659996266621394e-01
-4.070398161953810434e-01,1.092378312068449597e+00,-3.783549754734779613e-01,-4.382352291333585503e-01,1.183228013345109186e+00,4.308237482221352610e-01,3.011048331741826289e-01,5.379014998729108044e-01,3.424004657993995338e-01,4.364516219041345013e-01,8.302709054982537751e-02,-4.561902750571494858e-02,3.322806820118235499e-02,-7.653589487298163851e-02,2.593522495280020657e-01,4.543947889480087071e-02,-9.634533358025786087e-02,1.600173984177020725e-01,-5.173991748500977872e-01,-7.882549776739117275e-02,1.778819740133088523e-01,1.309628907987598456e+00,1.408867820323110864e-01,1.995060990303397161e-02,2.323267385490378256e+00,9.904054982188672529e-01,6.110184897813339955e-01,8.799085229703894617e-01,7.577115011792181498e-01,1.078744453056327934e+00
1.532411032767434733e+00,-6.688851482861647713e-02,1.548356360859033609e+00,1.586850305227136104e+00,1.384555362770439002e+00,1.155837409297850060e+00,1.647783019461960041e+00,1.523478096459500941e+00,-6.915087020855169297e-02,3.836869258000169536e-01,2.506576931005114250e+00,-7.703351027951445273e-02,2.116429094615375650e+00,1.969480093664905285e+00,-3.055781103358176098e-01,3.440465662865018759e-01,7.336078368087379786e-01,8.646250158230976979e-01,-2.123630062396200668e-01,3.471697307873581884e-01,2.017258174920124159e+00,1.162523246808830624e-01,1.919639430227420229e+00,2.073918882448185119e+00,7.792761495529272331e-01,1.025925152976610688e+00,1.613562564285508039e+00,1.284479821384734377e+00,9.983549322370161017e-02,8.650389888102342217e-01
-1.097517298580149708e-01,8.037349523349696101e-01,7.070335991186049718e-02,-2.145732752687525002e-01,1.247940375660394396e+00,2.397900286561771566e+00,1.560859918569671212e+00,8.409130395760737731e-01,9.396962100941248508e-01,1.952742362580333735e+00,-6.714375862600339140e-01,-6.225022426831458566e-02,-3.853455023033864335e-01,-4.421229655408762671e-01,-1.834221542609162925e-01,1.814484710145093604e+00,6.909423267362081456e-01,6.976186956705769937e-01,-1.180345524926048328e-01,1.534640410047056314e+00,-2.507509415826233989e-01,1.068642765300488406e+00,5.089929561434602262e-02,-3.161757340027835372e-01,1.455856578783945254e+00,3.356660316989255488e+00,2.006548367453095949e+00,1.633882306378941163e+00,1.095368343816627732e+00,3.322371374275162825e+00
1.008617737792075530e+00,3.649031777808168786e-01,1.050317327113607924e+00,8.724294614200146514e-01,1.132896175988777232e+00,1.199719815099801190e+00,1.216946780256702887e+00,1.502435628424558800e+00,5.827755824058132861e-01,-1.522913030470638696e-01,1.447003062027068854e+00,3.646171593050807624e-01,1.296198899296376439e+00,1.141028001351397814e+00,6.706870506810209687e-01,1.286138476237615569e+00,5.990713378938989919e-01,1.036402945122832486e+00,-3.422177607484980233e-01,4.121824933239601751e-01,8.811728743600322211e-01,-7.026434739886619485e-02,7.737987698386655788e-01,7.495176008465638251e-01,4.453229889709511280e-01,6.268133958805132133e-01,4.001830406366794213e-01,5.718826480412858571e-01,-7.007124200715661999e-01,-3.639076572873823356e-01
-1.918598679892876968e-01,5.620254722329495189e-01,-2.347057004510365585e-01,-2.577262121430080599e-01,-1.015554252878664743e+00,-8.263117814694130869e-01,-7.281150715939315177e-01,-7.356938779419459618e-01,-9.828724797902593791e-02,-9.562586463176855345e-01,-5.781017499536597049e-01,-6.951596566228080976e-01,-6.216994006598922651e-01,-4.141476070897678330e-01,-1.214706619890578931e+00,-7.863561194972162882e-01,-5.893344025205131675e-01,-7.973264501518407821e-01,-8.297856125837197450e-01,-9.103423224758608878e-01,-6.348413379799276723e-02,7.781389220612330293e-01,-1.380744258633805066e-01,-1.571064988490336323e-01,-9.598825178934713431e-01,-3.128429254379681557e-01,-3.159881675689729663e-01,-4.570156885636940391e-02,1.410518214329627706e-01,-6.959644416277703804e-01
-8.600502334713669983e-01,-8.331537269962760450e-02,-7.648497297602175893e-01,-8.257655249845171630e-01,1.859112686415857585e+00,2.132697921063023472e+00,1.007827436081051742e+00,4.048078895519035547e-01,1.402236207200405760e+00,2.324872324577789584e+00,-6.739124001014908938e-01,-3.246535509671121256e-01,-5.506482287613106985e-01,-5.527527921429870039e-01,1.362138058707290100e-01,1.068236007059887971e+00,4.066094019462817566e-01,2.379536811555450215e-01,-3.912195549027917552e-01,2.207360710476686527e-01,-6.232038148431661151e-01,1.202340556791282600e+00,-4.602296272396952381e-01,-6.505385608891582905e-01,3.767506378656590549e+00,4.424833207340299168e+00,2.704074263829628677e+00,2.118141890844596809e+00,1.979934156923082167e+00,3.165317489789844618e+00
-6.816773816689473131e-01,-4.681731856776001899e-01,-7.080485837628049950e-01,-6.602049109636801694e-01,1.435160588128731041e-01,-8.053245439119582905e-01,-6.400581911247869016e-01,-4.179526106143237052e-01,-1.074355903289918368e+00,-2.508779720837035487e-01,-5.547677908770659583e-01,-8.078822124582070163e-01,-5.395313787363626989e-01,-4.707341275931463120e-01,-2.753412452458118068e-02,-9.109640500195909096e-01,-4.062152789975377321e-01,-6.988921734818376655e-03,-1.964374231394744319e-01,-7.720555071355754695e-01,-6.710608879436829044e-01,-6.842838342454747869e-01,-6.803990106756498957e-01,-6.269074328286234898e-01,3.330285578539492891e-02,-9.605922658382686219e-01,-5.856280617131570665e-01,-6.562364036919692001e-02,-5.279208902712015927e-01,-7.234488714127005338e-01
-4.693287485708287909e-01,-1.491331761643431841e+00,-5.372335432633410512e-01,-4.994390677066491979e-01,-1.583584988757272605e+00,-1.205608402053234496e+00,-1.029536670876510129e+00,-9.676870880271801756e-01,-7.210773228229165888e-01,-3.647386320978495688e-01,-2.630933024196461800e-01,5.235374839254792745e-01,-3.626284609480575627e-01,-3.278902518655167353e-01,1.113788950330729888e+00,-8.396211675184385159e-01,-8.224064298072391033e-01,-6.360460609759783779e-01,9.943061748098608321e-01,3.593820729213055287e-01,-6.336075263867568808e-01,-1.514530613503120682e+00,-7.157940886667163438e-01,-6.048634700855871627e-01,-1.610874328326649341e+00,-1.213944276046680981e+00,-1.232763807659199351e+00,-1.339103750150714145e+00,-9.908119609290588770e-01,-7.621514358037260184e-01
-6.307137097253988633e-01,-1.959566838151312329e-01,-5.993855218547126107e-01,-6.266415156170368483e-01,-1.520037290935914720e-01,2.247672340216689546e-01,-2.839254284834821784e-01,-4.434666031066908931e-01,5.682073935205765869e-01,5.321330283212828000e-02,-3.737528356162187482e-01,6.658266117832777331e-01,-3.727786283621405961e-01,-3.944376954537595625e-01,6.166502336505685911e-01,8.761590157106315946e-01,8.295273777017251327e-01,9.473329077081553695e-01,9.012027659167028970e-01,3.428594923871415845e-01,-6.211230725344480952e-01,2.582030662637017082e-01,-6.270064354009905472e-01,-6.098013177400272156e-01,3.889412865350331261e-01,3.349064149623319220e-01,2.871105881038317487e-02,-5.857425830714151418e-03,7.799049086765129646e-01,-1.221913738633015334e-02
-5.231237356223524815e-01,-2.968645250227704979e-01,-5.545208485669014253e-01,-5.310281456799604838e-01,-6.395035252020678795e-01,-7.318692124608661143e-01,-7.153915452314371093e-01,-5.720886889702729849e-01,5.645653462992666904e-01,-9.423731999744975329e-01,-2.397593433430525722e-01,1.068671155588473587e+00,-3.766453588056008495e-01,-3.026700423527750594e-01,-3.605974149486417257e-01,-1.364149274806854550e-01,-3.809896854510053665e-01,-1.819479237993635590e-01,6.378181223373746711e-01,-5.579803332581465547e-01,-4.442599762934081875e-01,5.520080895397667664e-01,-5.430181147442232348e-01,-4.704834732040377165e-01,-3.266726289977749387e-01,-4.730042778001561365e-01,-6.544722900052892811e-01,-2.890573347207555099e-01,8.718490254510183890e-01,-8.361911242039475889e-01
-7.577594856231623099e-02,-9.398586759737750373e-01,-1.190453959200744871e-01,-1.889071494154369868e-01,-4.199271315760874645e-02,-5.101676666266606874e-01,-5.556546004032890673e-01,-2.938020492081667712e-01,1.089020146167805958e+00,-5.869057735888684180e-01,-5.448685355112383721e-01,-5.233039567426098770e-01,-4.969973438583001890e-01,-4.378842748664659168e-01,-9.019480728355366850e-01,-5.501606035243213899e-01,-5.684687881054802938e-01,-2.328450880363219788e-01,-6.484789742128332923e-01,-8.000720567369838943e-01,-2.611546531262137205e-01,-6.265131836013049238e-01,-2.619571988321122702e-01,-3.650251554413520561e-01,-5.652106008420443306e-01,-5.188569230328792248e-01,-6.167035814283555739e-01,-2.184106042021899396e-01,7.922732911907058584e-02,-8.272166165190718568e-01
-6.165571341855246024e-01,-2.217703176124350140e-01,-6.656535255183602118e-01,-6.114110673084759418e-01,-9.443706543318516333e-01,-1.070526909410706606e+00,-8.714752003119381474e-01,-9.150809179398254889e-01,2.076447186109550425e-01,-2.300498025689199644e-01,-6.176987714169699384e-01,-1.052915178093844384e+00,-6.468331485423837179e-01,-4.789995744082465312e-01,7.235211301655813942e-02,-9.283962475538092285e-01,-6.139371419054027168e-01,-6.193454289607261964e-01,-7.515798260759794236e-02,-4.257996889848346678e-01,-6.523342071652199481e-01,-6.941873743559042742e-01,-7.028958822801411044e-01,-6.168553858177988625e-01,-7.430298162168628151e-01,-1.057076564398393037e+00,-8.728136723734610802e-01,-7.849636686862175861e-01,-1.902640476337910946e-01,-5.490068782879368170e-01
-8.090865615278186596e-01,1.513540254576731803e-01,-8.471702312057425299e-01,-7.510235101369502342e-01,-7.646140923449503690e-01,-1.135014966632704292e+00,-1.056067112974939048e+00,-1.120928861491644390e+00,-6.336681895114929519e-01,9.348109722737514560e-02,-9.461419226617495681e-01,-2.211705488887130977e-01,-9.072574439094295284e-01,-6.514718979500045970e-01,-9.134104279632084822e-01,-1.061827883000911577e+00,-9.024431895783354696e-01,-1.245221495437076387e+00,-6.987058132209843508e-01,-5.479231103243075163e-01,-8.957810572852396014e-01,1.476135350305756710e-01,-9.215654742757963813e-01,-7.778644896929362007e-01,-8.991637614240211018e-01,-1.133476112722775264e+00,-1.191696313143267627e+00,-1.315810251151100507e+00,-5.516995411611600453e-01,-4.340209985754709954e-01
1.317231084561340859e+00,5.268250625093547912e-01,1.276698706088801538e+00,1.234293631417857862e+00,-3.296032123366497424e-01,6.979340444079246142e-01,2.154414873672894082e-01,3.319483439809172709e-01,5.172187324222459193e-01,-2.675405076955292283e-01,8.491587468979815423e-01,6.048455569870785364e-01,7.302062306348867660e-01,1.021073055265584228e+00,1.830457139637876596e-01,7.174399332231509163e-01,1.967075494726671925e-01,9.966395355627085673e-01,1.355497322558650297e-01,2.243279363811827298e-01,1.728034994008305958e+00,1.458182009644035881e+00,1.619681142167536780e+00,1.756485818948462452e+00,7.922873116535235072e-01,1.485097417208528281e+00,9.026502901855048000e-01,1.388687580067217153e+00,1.226943545407731539e+00,8.319454917222559587e-01
2.574334992502202546e+00,1.826893528300800762e+00,2.536202378205333119e+00,2.864515691111960916e+00,-4.702589689324201960e-02,1.232154636779503765e+00,1.336623513369274319e+00,1.983782084723854311e+00,3.569686546846361219e-01,4.627057966053280125e-02,2.319198168723378028e+00,-4.419958836810106706e-01,2.121262507669700703e+00,2.452690830547687995e+00,-1.837496501217069644e-01,1.611160983348290943e-01,3.782695375915357539e-01,8.375858973222134463e-01,-5.725261932736780413e-01,-2.756597180439532835e-01,3.074275267748928009e+00,1.481290269901704093e+00,2.966493855556413983e+00,3.645212546771813500e+00,7.185573930834775469e-01,1.032383272023472909e+00,1.469659003758204019e+00,2.223882116566527234e+00,3.138433512333277386e-01,1.627837624687388240e-01
8.189196255577567696e-01,2.522618666653132502e-01,7.333833965483367301e-01,7.048945300258453450e-01,-5.769482416306255246e-01,-5.834322050090489098e-01,-2.443691188020638005e-01,1.478267486751759230e-01,7.830881795778249499e-01,-1.461688893209752704e+00,6.497594602434545452e-01,-6.417550359073486144e-01,6.030874673061320523e-01,6.016546130326778652e-01,-6.389688966206688026e-01,-5.706057734718612551e-01,-4.161809455838220706e-01,-1.056021774439254712e-01,2.899053838418896301e-01,-4.451957617858098293e-01,7.417631396759187812e-01,-8.016788750929515484e-02,6.868108663012991721e-01,5.872740350578165014e-01,-8.861525993234241616e-01,-6.725601563482046519e-01,-3.891351601293632778e-01,-7.022104148754167163e-02,5.865052147715177355e-01,-1.075698298044057921e+00
3.961679395409909432e+00,-1.677963560362557560e-01,3.976811153502019636e+00,5.202671551815094553e+00,1.327033262934630198e+00,9.154381427306393926e-01,2.912577125199030448e+00,2.925432529287502970e+00,-5.936056700770909744e-01,-1.042348413645455496e+00,8.736036914786616592e+00,5.050583764114794372e-01,9.242329960607127859e+00,1.029002988753246761e+01,2.115926284350027498e+00,1.121552966183521349e-01,9.674895745055995810e-01,3.461101551590817227e-01,3.339042025092811006e+00,2.354627189150757804e-01,2.470859998220673592e+00,-1.166256119619694775e+00,2.441566851451618003e+00,2.860447473119720918e+00,-7.517039242839274049e-01,-6.531857992076174346e-01,2.175546016950510864e-01,6.944800111971480838e-01,-1.992685785092641382e+00,-1.605194251451702803e+00
-9.842646942611556204e-02,-1.388077226454219604e+00,-1.573244290922432842e-01,-2.021632803506656362e-01,-2.706430600049460899e-01,-7.900610984156274386e-01,-9.859869375743880449e-01,-7.656793948917381964e-01,-7.975603144704116465e-01,-5.049816401640553343e-01,-6.466894478454650041e-01,-9.388990847324656386e-01,-6.666501420651173015e-01,-4.732773419977925333e-01,-8.649410405661965839e-01,-9.406095464435236808e-01,-8.891763959353444768e-01,-8.055972393403465492e-01,1.183991043018620959e-01,-7.250020712665432576e-01,-3.256576646964755017e-01,-1.420446982454043328e+00,-3.879396798172634608e-01,-3.807204569143938788e-01,-6.302664113450262562e-01,-9.399262848883086496e-01,-1.134373931391693624e+00,-8.606675404349624081e-01,-1.300247987125635329e-01,-8.934036106950274947e-01
-6.873400118848974616e-01,1.233179950962830507e+00,-6.384877600413365606e-01,-6.994092130912720195e-01,2.002917936005378596e+00,9.841236474641279486e-01,-5.511194820958653651e-01,-7.811675185001244748e-02,1.165503137815302015e+00,1.568115498874009139e+00,-3.758741046231817706e-01,1.432709573614269871e+00,-3.384613956764312981e-01,-4.052463566735060585e-01,1.929253643699374354e+00,5.011515564097029918e-01,-4.414065391303544361e-01,9.171127164424607292e-01,-6.092775388893985067e-01,7.196461658727506538e-01,-6.773031148698371862e-01,1.098353385631775980e+00,-6.294061017054696228e-01,-6.865143080857936120e-01,1.963291900707209381e+00,4.672978554230115544e-01,-6.458667614687726433e-01,2.546619708754928046e-01,-1.617296665658414789e-01,8.880361647527269531e-01
-7.411349989364206525e-01,-1.724897439994016457e-01,-7.656729347746726866e-01,-6.965887597007976995e-01,-1.649462015566483253e-01,-8.339435042175785684e-01,-7.875755116245986009e-01,-7.256987056253486612e-01,8.381511308643929681e-02,-4.744336582090406540e-01,-3.293561516415487167e-02,-6.648539202998484665e-01,-8.422386901892174593e-02,-2.772378983063128466e-01,-1.994694514396565532e-01,-8.062632586566630399e-01,-6.344913292396142657e-01,-4.324574040281438103e-01,2.874552941341750323e-01,-8.474846791393675360e-01,-6.793838571785552061e-01,-5.076707022761544064e-01,-7.193935881234346796e-01,-6.491277472736041165e-01,-5.738847089091082543e-01,-9.547799586960923346e-01,-9.253073964462117384e-01,-7.469584861079003879e-01,-2.616000003036664801e-01,-1.065601976898573167e+00
-1.914964640281767438e-02,1.869134019969114879e+00,-2.067239669267214447e-02,-1.522412553392720191e-01,2.549651272447525097e-01,1.713451747845110840e-01,-5.577961840484614298e-01,-1.378247548991600457e-01,-9.978729116424234213e-01,-1.453485798754693414e-01,-1.326352584914184118e-01,5.346249484338791991e-01,1.437775728931371504e-02,-2.168365561959649801e-01,8.741692261292667576e-02,6.158040253759560628e-02,-3.772525604811487465e-01,6.944376229057671601e-01,2.774578511641874468e-02,5.328691685300273040e-01,-1.945708992472339471e-01,1.260111207435453018e+00,-2.070648321171536521e-01,-3.003040808277974150e-01,-3.223355749642426438e-01,-1.701184945023088979e-01,-6.788546208587526998e-01,-1.437794593810589050e-01,-1.038369262708975782e+00,-3.689903351973710527e-02
3.766318652959641078e+00,1.662624949590690404e+00,3.910954752345599861e+00,5.208312458596043193e+00,9.099980391250195311e-01,1.815981427014158323e+00,3.459310832260672708e+00,3.172681528698070075e+00,9.105598323236506753e-01,-9.062710394822065529e-01,7.583480754336689778e+00,1.909135486734828135e-01,7.632803413516810132e+00,1.064184121350852941e+01,2.164502917644307856e-01,1.512111407236740757e+00,1.486327091154029834e+00,2.240438986603384031e+00,-4.414463939109428137e-01,2.649160146498900081e-01,4.120888649034140983e+00,9.630050041225778346e-01,4.322305317587087359e+00,5.955419842242018369e+00,1.807626929254879944e-01,1.116338819632684221e+00,1.953959026396606014e+00,2.272921061828872435e+00,-4.185390961773924889e-01,-5.383496504121467741e-01
-2.088477586371368100e-01,2.706903771390678504e+00,-2.281200603353946976e-01,-2.740848418077584392e-01,-2.368488263514088310e-01,-5.601554506271441136e-01,-7.647739445789402124e-01,-4.113768393534043555e-01,-1.587884561494530056e+00,-3.605729981948936347e-01,-2.164253842664590199e-01,1.332922393038670883e+00,-2.761103672756352601e-01,-2.361225987645321767e-01,-3.759897204058009201e-01,-7.088796860118019572e-01,-7.750695135223882870e-01,-4.399329250254471191e-01,-6.043773594739688670e-01,-3.000844023118480197e-01,-2.465894569651868595e-01,2.653209182969156199e+00,-3.123501912261729130e-01,-3.022439495491845984e-01,-6.215923032779623325e-01,-7.145379301528104188e-01,-9.779923544864408402e-01,-5.601507539991554818e-01,-1.123972405912826433e+00,-3.992447812965793097e-01
7.028357061307853870e-01,2.087376560255404634e+00,6.757590455364690385e-01,5.745895833859362423e-01,-8.048795622300165542e-01,-2.517168598074846081e-02,4.550052634743797370e-02,1.246800338367397148e-01,-8.048444089130304402e-01,-8.715574236242349393e-01,1.922724444084225603e-01,-2.359538348999129509e-01,2.739320383065809161e-01,1.796929563951253084e-01,-3.556849770367823127e-01,6.281268223996875344e-01,4.508320474229188246e-01,5.846906125198253479e-01,-9.057383935228747740e-01,2.569778343786357014e-02,5.711422703610330442e-01,1.416917259183914313e+00,5.878246312415377206e-01,4.356115713857267036e-01,-7.647150863845236790e-01,3.659053863872716583e-01,3.141277552715142085e-01,4.232333452148032693e-01,-1.089097051274220629e+00,-3.179133054023961513e-01
-1.027097824841886942e+00,-1.349426402942335013e-01,-1.029921744414807883e+00,-9.027639025444635923e-01,7.949538394534035879e-01,-7.028686660178373735e-01,-8.305331600365847278e-01,-8.017146214015762329e-01,-1.198185508814435085e+00,4.503370682473235576e-01,-8.962921009981177356e-01,6.658266117832777331e-01,-8.812536816771595616e-01,-6.356191948277097881e-01,6.176327212329402183e-01,-8.755616241630611585e-01,-4.591578827371735061e-01,-4.286401167103719434e-01,-3.262921776483527769e-01,-1.808344732391861664e-01,-1.076805638143715660e+00,-1.643479784479433825e-01,-1.090142032165450692e+00,-8.845572693692318467e-01,4.236377188032902641e-01,-9.580090182195235560e-01,-9.101042960316992891e-01,-7.494104333710175370e-01,-1.097023268237540039e+00,-3.055733573356926858e-01
-6.958339572088220182e-01,-4.963335134564764717e-01,-7.483856294711124235e-01,-6.582305935903481897e-01,-1.447689027895175062e+00,-1.284405939428042265e+00,-1.015263645758979205e+00,-9.642676869715022248e-01,-5.098385839869771230e-01,-7.563082189757696083e-01,-1.718787351202348823e-01,-9.799227034135451486e-01,-3.060775282124518770e-01,-2.975836135434825613e-01,-1.329877916991606401e-01,-1.003128724019948237e+00,-8.369500744815978610e-01,-8.903728285225306349e-01,1.943518852410171249e-01,-4.139465333842389239e-01,-6.148808456082939244e-01,-9.566311872822773621e-01,-7.046956320085004943e-01,-5.898735754203224824e-01,-1.385781223986329858e+00,-1.214008857237149686e+00,-1.167170556814195459e+00,-1.096667464509996970e+00,-2.758671908376417181e-01,-8.760155020555813188e-01
-9.648088924664385280e-01,2.827688884257621438e-01,-9.212586825067149432e-01,-8.728670966054369318e-01,8.956175141660680517e-01,4.823378767722514837e-01,-5.565780700981970419e-02,-5.158000869768034624e-01,-5.207647256509049249e-01,8.141357624388655401e-01,-2.906697995101659715e-01,5.290812161796794033e-01,-3.036608216852892950e-01,-4.096969818816369457e-01,6.264751094742873061e-01,1.195211273049872291e+00,1.263345301285916822e+00,8.837114524119569214e-01,8.215748504159755550e-01,1.361153314438334538e+00,-9.457188726944744106e-01,-5.375844721481733840e-02,-9.176660165310176476e-01,-8.228341736887302416e-01,8.534750418778121184e-02,1.458371023795626380e-02,-1.013280390747553078e-01,-4.318832627973349658e-01,-4.756078583132926640e-01,1.762455239960520614e-01
-1.182456751819400270e-01,-3.625719565068150074e-01,-1.696725043090719087e-01,-2.348805396801667278e-01,2.700646784516523291e-01,-4.588443311452483075e-01,-5.469622903140602954e-01,-4.387320477988287948e-01,-2.876737034871099663e-01,-2.605977845239356716e-01,-5.618386875669428848e-01,-4.739647396802303403e-01,-6.255661311033524630e-01,-4.118163272188420931e-01,-1.226168975018250507e+00,-9.388340448428164065e-01,-4.934148616275260690e-01,-4.232322930101952152e-01,-9.461648737001671083e-01,-8.248559275382300049e-01,-2.653161377436498714e-01,-3.310575703068341369e-01,-3.396463954396222173e-01,-3.359271246205441375e-01,-5.044918443725934232e-01,-7.629738230042785174e-01,-4.799712946814821413e-01,-3.587845850156520244e-01,-6.135240334750513558e-01,-8.002930934644462146e-01
-6.024005586456498973e-01,1.338781180133615578e+00,-5.874490491451113128e-01,-6.009753897637213349e-01,5.217238652333130444e-01,-2.182542715093335750e-01,-4.344661611882431052e-01,-1.457156804122632932e-01,3.282645198810862919e-02,7.974732268270398050e-01,-4.939580793441252227e-01,2.426652030684598154e-03,-4.800803981681617816e-01,-4.383081439339069352e-01,4.358725184941460995e-01,-2.897537020872344438e-01,-2.953472382251240425e-01,7.564685418195606914e-01,4.489641307042167157e-02,-5.260488083273959226e-02,-6.773031148698371862e-01,7.962954122636864973e-01,-6.785992609472905057e-01,-6.403101621763895857e-01,-1.874179261699135401e-02,-4.555673563736276077e-01,-5.435565888679653179e-01,9.222046469397555957e-02,-4.851193186692758230e-01,-7.616250464106705254e-02
9.689793262804264895e-01,3.167263239745024550e-02,9.556487504512537479e-01,8.383019753952765107e-01,-4.360190970328958748e-01,3.087161842514885568e-01,1.852073653177976897e-01,6.996654728915264743e-01,-1.110776375503011337e+00,-1.089558931212296855e+00,-1.737964244642576164e-02,-6.920182083454280431e-01,1.110460183758192887e-01,1.396015102567973835e-02,-2.944432510689364846e-01,2.935046635441705080e-03,-1.773163745938183822e-01,2.474968994499746611e-01,-5.676260138582488457e-01,-4.175383987177526679e-01,8.707691628164422326e-01,5.022872394468881618e-02,9.717712399581884819e-01,6.384160286216608027e-01,2.848519897302605464e-01,5.764400673149865373e-01,3.643266717345272632e-01,1.221648672767354782e+00,3.642575751714571125e-02,-2.915506890780749649e-01
1.436146319096287760e+00,-7.615099333742265664e-01,1.416643558546193615e+00,1.417623101798682450e+00,-6.330322889705388700e-01,2.839130853199507976e-01,3.829889137248894682e-01,1.272809695993255774e+00,-2.548952784953258388e-01,-1.526950491022738943e+00,2.114142164716949157e+00,-1.051621640567864446e+00,1.987860307370323376e+00,1.679129782467794652e+00,7.915330233127596538e-01,2.644180096487148690e-01,3.306211942258634462e-01,2.552184117554755272e+00,1.345894047866917465e+00,-1.646710792383735966e-01,1.205768674520058870e+00,-1.275195060834415806e+00,1.184741624480705635e+00,1.089876385599044539e+00,-8.297708968875062707e-01,-3.302798468644967400e-01,-2.304109671225031686e-01,9.733890123767341418e-01,-7.324172879248441737e-01,-1.197975965250484442e+00
-2.371609097168863589e-01,2.569552546284591954e-01,-1.877830146270878797e-01,-3.079302824934491700e-01,6.008167525075498450e-01,7.628036877673308735e-01,1.205819294370091832e-01,3.498344418106179021e-01,5.937017240697409770e-01,7.030521916933570870e-01,-1.117761132562816451e-01,-6.981163138250481293e-01,-2.084425845150813528e-01,-1.852583106716077510e-01,-6.278340373537876218e-01,-2.241139459398696632e-01,-3.417498732675106066e-01,-3.712217533055530150e-01,-4.144954071260811279e-01,-1.808344732391861664e-01,2.382235009661340663e-01,4.067561679201390779e-01,1.798813594800958426e-01,5.328108157050503307e-02,9.310730407265531694e-01,7.727668863396038867e-01,4.389079190510037365e-01,5.366359061339756042e-01,1.322058148967565572e+00,1.056308183844139714e+00
-1.109205962973159654e+00,-4.001190602119831241e-01,-1.104421798223008011e+00,-9.397118419596760530e-01,-1.093209087657005973e+00,-8.499701219887260129e-01,-3.925163168445733319e-01,-9.882034943612485467e-01,5.572812518566478968e-01,5.460184746644660553e-02,-1.602117555819380090e-01,1.329226571535870871e+00,-5.377336677667265974e-02,-3.662504024689306470e-01,-7.562124147837107069e-01,2.993900108747697963e-01,7.759619198004465979e-01,-1.883100693289831151e-01,6.157673149679426805e-01,2.846712739842163220e-01,-9.894144611775547160e-01,-1.759021085767774606e-01,-9.509613865056646409e-01,-8.346497377189976419e-01,-1.572708252831566567e+00,-7.300374158652802592e-01,-3.924817545602308222e-01,-1.202560936935872737e+00,-5.868884604268814059e-02,-3.240832794357478841e-01
-6.193884492934994546e-01,-1.941897006105449242e+00,-6.479546177075720115e-01,-5.970267550170574866e-01,-5.050456168358660181e-01,-9.768475126769760042e-01,-7.916067278978641264e-01,-7.975061277945878491e-01,-7.647818894786284627e-01,-1.020131699496353628e+00,-5.296661076280032576e-01,-2.913911574419124073e-01,-5.844821201415877354e-01,-4.476332634176097836e-01,-2.666061029017337547e-01,-7.314769791117144981e-01,-5.936943816520124928e-01,-9.641737166661205061e-01,-1.177698351079204730e+00,-7.052468119322169438e-01,-5.066822455549514492e-01,-8.906075865460825192e-01,-5.838124419203674087e-01,-5.069882755065059365e-01,2.544926114955351482e-01,-6.150828968311292666e-01,-5.889746561440245554e-01,-6.960805803982176299e-01,-7.054681502495577794e-01,-6.308992609124236539e-01
2.898271043275582604e-02,9.234163453951933498e-01,1.023967529683880301e-01,-1.254469481297668665e-01,8.452856768097353202e-01,2.626851969006733789e+00,1.375675921016534353e+00,4.708286330115336593e-01,2.086941084806555047e+00,1.758346113775693054e+00,-4.101679535690846423e-01,1.676633792799067102e+00,-3.606950957263274637e-01,-1.769928638565075041e-01,3.212489672174292377e-01,5.905670822805441311e+00,2.609021717515129346e+00,7.580590782019656082e-01,3.743306826865734127e+00,2.837409966512550952e+00,-1.030182376636368941e-01,1.921997804815802402e+00,-2.109069352002576961e-02,-2.020761828448277009e-01,9.440842028271494435e-01,4.391250988296615532e+00,2.745189566837430206e+00,9.657266771794927873e-01,3.584200470298944285e+00,3.406507383820869261e+00
2.332008021680561857e-02,3.156226041677843708e-01,2.172266155177325284e-02,-1.014730943107359507e-01,-4.626230682069568667e-01,1.370024224177665284e-01,-4.820849034161925895e-01,-4.655611945433797971e-01,-1.110776375503011337e+00,-3.702928106351257576e-01,-1.916772458518900268e-01,-3.412847477297117349e-01,-5.280668416580749230e-02,-1.920402157506642671e-01,-9.438675430167359215e-01,3.897791832744198492e-01,-1.436822498651086633e-01,2.554495813619993561e-01,-5.480252961965313974e-01,-3.866483568495331369e-01,4.471446625534922920e-02,2.846125065581795455e-01,1.498855306741075089e-01,-8.550770785965165766e-02,-7.039963299150734377e-01,5.822523744571623805e-01,-1.118459072860534392e-01,3.021684490983891913e-01,-5.881601391924291544e-01,-2.965988496508177308e-01
-3.022811572003089586e-01,-1.254315669504558084e+00,-3.775317704590228640e-01,-3.491089019943728888e-01,-8.789392657686200261e-01,-1.264372667214108237e+00,-1.062466668808748294e+00,-1.037679597328405423e+00,-1.303804878232404318e+00,-1.052068226085687730e+00,-1.596546310845035205e-02,-6.914638351200080857e-01,-1.407748017545274455e-01,-1.496533090065606253e-01,-9.304402127243207588e-01,-1.125799743705187650e+00,-9.340530382817062716e-01,-1.124976944927261746e+00,-7.783337287217114708e-01,-5.558252140580383083e-01,-3.131732108441666607e-01,-1.342869251589015045e+00,-3.942388038665212147e-01,-3.607927145946891456e-01,-1.298172732508980465e+00,-1.254630426041914326e+00,-1.225592533878768764e+00,-1.208537558389721100e+00,-1.265059067859912956e+00,-1.013437650980235416e+00
3.998849895774690411e-01,3.373364862157413491e+00,4.864218922117618527e-01,2.553142595842536888e-01,7.590025270560233350e-01,1.150113617236725450e+00,1.085932251375572033e+00,9.392865776394269117e-01,1.019821248962929916e+00,5.197642999632667848e-01,-5.660812255808689297e-01,1.391720476342833135e-01,-4.617134285617257028e-01,-3.613759081933586859e-01,-5.384276673579484473e-01,-4.059353609769393752e-03,-1.225052083692543675e-01,-2.662463520668260641e-01,-1.301795394774953207e+00,-1.657486388384277753e-01,4.691858972338449618e-01,3.962127067564212179e+00,5.758262997191422317e-01,2.786585566553081983e-01,2.462053114563407696e+00,1.961060790962288136e+00,1.413723068270847039e+00,1.336583700725975543e+00,9.622078988328611748e-01,2.049113096483473395e+00
-2.852932665524598455e-01,-8.506843046740005798e-01,-1.923106422065917476e-01,-3.502370833505625281e-01,3.167740457680498167e+00,1.390512883803936228e+00,1.489053878702128575e+00,1.255449659864428691e+00,4.152414102255856387e-01,1.966627808923522736e+00,-3.965296701953792413e-02,-5.153579405115901180e-01,-2.166593867074342594e-01,-1.146841109426750827e-01,5.663231169860828002e-02,1.874796069513937069e-01,6.822223684732091620e-01,3.158899638933876930e-01,-6.252031219895438641e-01,1.177249809362422628e+00,1.558407393329547252e-02,-5.175742423865840047e-01,-2.109069352002576961e-02,-8.780027998492735686e-02,2.370974979859232779e+00,1.014946350596944269e+00,1.735474218552825354e+00,1.293674623621423825e+00,3.835940605105385703e-01,3.176535624395939283e+00
1.538073662983384438e+00,9.445365912293504085e-01,1.523660210425376249e+00,1.465570809436744337e+00,3.779186156437930877e-01,5.376678666964510578e-01,1.218206535342098107e+00,1.415635447780423606e+00,6.483324323893805419e-01,-5.438608899249829376e-01,7.377921240324213370e-01,3.018216998315453203e+00,1.220314314343469597e+00,6.364118765628429264e-01,1.392160432002756965e+00,8.250460908417819317e-01,1.303830821792697492e+00,3.581261156970762194e+00,8.705766445702693979e-01,8.690677637469291783e-01,9.539988551651665816e-01,8.095001324109256657e-01,1.046760811973159511e+00,7.689162880604357708e-01,-2.789650346289215821e-01,-7.324670879937258960e-02,5.177919306357385842e-01,1.046947430270251500e+00,-5.215799167005458203e-01,-4.401909726088227282e-01
1.826867803996825357e+00,-3.320649347463661138e-01,1.688301213316426130e+00,1.894279724788826780e+00,-7.912180635190124711e-01,-4.765880865347328910e-01,-2.517173394324881408e-02,5.757779423358060367e-01,3.690074217634395099e-03,-8.451750755721771924e-01,5.002099952525591586e-01,-8.662761922024463379e-01,2.608818230599028176e-01,7.207618209836094136e-01,-5.777271706528229744e-01,-6.755217771500264812e-01,-4.429636745344613935e-01,2.395442175379499106e-01,-8.187602088990036941e-01,-1.036093685686371585e-01,1.821668397900620961e+00,-3.508646505276926675e-01,1.550690735913764051e+00,1.902857731562223265e+00,-3.353467370648395285e-01,-4.271516325674330483e-01,-1.577420594808080501e-01,1.100583776650941203e+00,-2.457475663770275209e-01,2.889877767872983672e-01
-5.797500377818505246e-01,-1.348183428767478542e+00,-5.783937939861035771e-01,-5.899756215408719084e-01,1.025042238796636695e+00,-2.581300228684977882e-01,-6.435855053638941392e-01,-5.339492156569407566e-01,-5.608272450853077906e-01,4.614454253218739921e-01,-5.328480111384477080e-01,-1.291110873949302018e+00,-5.530649352884734471e-01,-4.563225793001510766e-01,1.106691287290606646e-01,-7.589165493044653932e-01,-4.622721535453873654e-01,-6.215721798960931466e-01,-1.168095076387475340e-01,-5.698334888587425207e-01,-5.795082263600859207e-01,-1.611915424589007495e+00,-6.054094386606789779e-01,-5.768235494764449856e-01,8.920395544247643471e-01,-5.782716182640134095e-01,-5.373414849249255054e-01,-6.168520344587418158e-01,-1.966050212044468670e-01,-1.877829439717043913e-01
-7.552915744762954686e-01,4.188771393569961643e-01,-7.438580018916085557e-01,-7.132294347045956551e-01,1.039422763755589063e+00,-1.907800696159381582e-01,-5.415453434468596727e-01,-6.825616461537178381e-01,1.129514908569135417e-01,1.012697645146463099e+00,-2.719319232819922272e-01,1.794900080888666150e+00,-3.776120414164659822e-01,-3.274663827980756614e-01,1.107239033114917781e+00,-4.613855234889508994e-01,-2.168676138581345225e-01,-6.979179262515310400e-01,-2.956660563019192223e-01,5.586945223938050847e-02,-6.502534648565018172e-01,1.093401615576561126e+00,-6.770994695069911806e-01,-6.205587715586289299e-01,1.048173499631922079e+00,-5.498558944578189056e-01,-4.737561907384424398e-01,-8.108623616528934930e-01,-2.267246456650610920e-01,2.603815335417584143e-01
2.838010701504976030e-01,-5.878545787378238741e-01,2.839134586557703899e-01,1.754954286338332170e-01,-5.021695118440747674e-01,-1.476608360888033156e-01,-1.687838136783346155e-01,-1.970066962474341099e-01,-7.902762200277938520e-01,-4.022293372244598042e-01,-4.628461339086670234e-01,-1.553329409572959285e+00,-4.273961958760162938e-01,-2.888942976609412683e-01,-4.968356930375395497e-01,-3.467849656251089652e-01,-3.872182270674331961e-01,-5.779914830181973606e-01,-6.546041984821199256e-01,-3.374398017803926231e-01,3.193724510061407562e-01,-8.741016863620342248e-01,3.178621719876425500e-01,1.984185322706560339e-01,7.619279334187992747e-01,5.189628077979109300e-01,2.777933014506666631e-01,1.688438166663894235e-01,8.084392897444634407e-01,7.590276167826440767e-01
5.697638960559637811e-01,-3.062513009490631655e-01,6.222507195968779437e-01,4.310285058107982126e-01,5.936264900280735501e-01,9.974791622734175967e-01,5.858094824735630146e-01,7.691056174068348072e-01,6.811108573811647249e-01,3.323107743302196604e-01,-2.404664330120401816e-01,-9.553454904199254472e-01,-3.263778630406181658e-01,-1.068425331950157847e-01,-9.183228658750676177e-01,1.638062522752949390e-01,-1.925763015540663536e-01,-4.496351969581173780e-01,-4.340961247877986318e-01,-1.241206563490736183e-03,8.270735743333615941e-01,2.846125065581795455e-01,7.677996040774673903e-01,6.772134030494046941e-01,5.667605019098516106e-01,2.116055648086986096e+00,1.208624638150536557e+00,1.106713644808734465e+00,2.163822390472093904e+00,2.211776048271839823e+00
6.178962528915377117e-01,-8.178305889319787969e-01,5.275821429345243230e-01,4.665662185307732357e-01,-1.059860492249446728e-01,-6.963817016818969474e-01,-4.237582429623815150e-01,-6.969976463603586025e-02,-3.641566951346049685e-01,-8.590605219153651939e-01,-6.905290073227015046e-01,-1.352831093046061417e+00,-8.276027967741490521e-01,-4.111805236176805378e-01,1.326113514020322848e-01,-7.320150098998076116e-01,-2.529931552334154232e-01,3.842830283368007804e-01,-8.738872273225839482e-01,-4.495060001860264887e-01,2.257390471138256138e-01,-1.283448010926439453e+00,8.089512442033437722e-02,9.031493897880603361e-02,1.677515308248917203e-01,-7.532866444339849643e-01,-3.819638863489328018e-01,3.297528558084581451e-01,-9.591070930757809032e-01,-6.488482762821743410e-01
-9.393270564946644141e-01,6.558932314958703103e-01,-9.504824605198760601e-01,-8.305602957483234627e-01,-5.560964804401451467e-01,-8.812601852562040872e-01,-6.646234152899989089e-01,-9.006142211658030305e-01,7.466677073647319807e-01,-4.147262389333295496e-01,-3.334487244839208775e-01,7.730054353644767451e-01,-2.988274086309639088e-01,-4.211414467025449415e-01,-1.460876261307854918e-01,-2.235759151517765220e-01,-9.073964612547291697e-02,-2.296640152715122007e-01,-2.613648003939134101e-01,-4.060444296505081874e-01,-7.230794456616358445e-01,1.073594535355703261e+00,-7.022959657040215298e-01,-6.833399774507964430e-01,-5.343822488524847120e-02,-5.369396563640940201e-01,-3.915255847228400476e-01,-6.027533376958176259e-01,9.507976304570955883e-02,-4.065365687905407865e-01
-4.240277068432306562e-01,-4.775599616038928019e-01,-4.635566944695960201e-01,-4.554399948152513811e-01,-7.128442024927229559e-01,-9.409784157605984856e-01,-7.462555448236265487e-01,-6.723034429866836525e-01,-4.365653965938636610e-02,-6.243964787154776541e-01,-8.231083202578923785e-01,-9.891622571705450673e-01,-8.421030359371247664e-01,-5.669524059022617024e-01,-1.015589136529881920e+00,-9.198415580231280586e-01,-6.310656313505789150e-01,-7.962130746841572515e-01,-5.504753859042459396e-01,-7.839086627361713244e-01,-3.943221608841733783e-01,-5.588389928467055734e-01,-4.644290432725336482e-01,-4.293935266510180981e-01,-3.917284395007575304e-01,-6.525399873029312792e-01,-4.106489814706545949e-01,-2.401716361623555118e-01,5.785789978081983254e-01,-5.927576032517034577e-01
1.722109145001753383e+00,1.794039812558778646e+00,1.721229413894635574e+00,1.634798012865197991e+00,2.377084972940096963e-01,1.207351537847966227e+00,9.473591919820683049e-01,2.057430722846151028e+00,2.331390491601204040e-01,-3.550188196576183897e-01,2.029644949272920940e+00,1.273789248993871359e+00,2.063744892323230218e+00,1.346392564526580404e+00,4.748445259282302322e-01,1.135489855571532036e+00,8.164474403072269348e-01,2.141825730894276969e+00,2.024568896903884418e+00,1.672172775783115073e-01,1.655209013203172264e+00,1.365748968613364367e+00,1.586685730480949852e+00,1.400255381020995671e+00,-1.618645757235527283e-01,5.738568196962414714e-01,4.575532308801228965e-01,1.548064152169837726e+00,5.801642412008619631e-01,-4.233637706996817851e-01
3.545839478498704067e-01,8.389353620585652260e-01,3.423610146820931788e-01,2.082126879633343086e-01,-2.692050075090514638e-01,-3.685870492109413385e-04,2.935463026618096438e-01,6.983503186393423823e-01,-3.423044118067495312e-01,-2.481008828150649548e-01,-3.150643930902409240e-01,-6.678105775020882762e-01,-3.785787240273309484e-01,-2.253139375447857085e-01,9.474210530490949633e-01,-6.431880187620268863e-02,3.888580583394629087e-01,9.123411072952460898e-01,5.067383229746390549e-01,-6.028786499270705201e-01,4.055298163791308530e-02,5.022872394468881618e-02,1.190471816656124907e-02,-8.127526701298871947e-02,-2.529427104277278127e-01,-3.425502730535354146e-01,4.783445555819767353e-02,5.121164335028033365e-01,-5.532847845538237941e-01,-8.743327818646677851e-01
2.659274445741450332e+00,1.193286153276088779e+00,2.602058779361752894e+00,3.081690602178476013e+00,8.021441019328788835e-01,4.708902926500035391e-01,1.787615833940859211e+00,2.438825455979471979e+00,-5.094063410200517367e-02,-1.068730761697514353e+00,2.145961199821394771e+00,-5.140644029856100694e-01,1.741839582905166717e+00,2.628596493535718004e+00,-2.282890871892312434e-01,-3.188073646442649567e-01,9.331375863996664577e-02,1.775132986241566846e-01,-7.085061720518430750e-01,-2.523125933761128925e-01,3.003530029252512445e+00,8.573672429446664855e-01,2.858508871854855915e+00,3.578198900032982799e+00,8.660172302235706887e-01,9.724763403779503046e-02,9.910960001441467826e-01,1.451518728684596304e+00,-4.946307790252599257e-01,-3.639076572873823356e-01
-1.092218072325309874e+00,-1.050153293107706221e+00,-1.057087509891830868e+00,-9.385836606034863028e-01,2.211708935912152230e-01,-2.295110625628774548e-01,-6.687806070718039786e-01,-7.341156928393254288e-01,-6.482363783967305393e-01,1.012697645146463099e+00,-2.263246396322864951e-01,2.413950182607659478e+00,-2.243928475943547107e-01,-4.395797511362301013e-01,3.396435100041351962e+00,1.133875763207252918e+00,-2.090819368375998188e-01,1.695606167121316843e-01,1.981692327018877320e+00,1.055126388022949779e+00,-1.114258999700641573e+00,-9.995465277608034382e-01,-1.086242574420672291e+00,-9.168296308250369897e-01,1.937738550260854620e-01,-5.756883706452685656e-01,-9.703908042791843380e-01,-1.125477844851624498e+00,-7.466844784588189121e-01,5.677239044114872762e-02
-4.806540090027286993e-01,-9.727123917157972643e-01,-5.462887984223487869e-01,-5.016954304190286429e-01,-1.185244447394299572e+00,-1.329623896710922404e+00,-9.872466926597835979e-01,-9.784713528950879091e-01,-9.650944866506402375e-01,-7.243716923864356172e-01,-1.013668986050073162e+00,-9.760420908356052250e-01,-1.015622564587402188e+00,-6.583809637492934463e-01,-1.219619057802438178e+00,-1.114016869445947355e+00,-8.200084412849144577e-01,-1.293414747823946387e+00,-4.132703622722238568e-01,-8.837625190078579607e-01,-6.315267840780388608e-01,-8.526440161227706316e-01,-6.974966330950634896e-01,-5.882864101028238979e-01,-1.207094597804804659e+00,-1.130053309627938374e+00,-1.014326808307288275e+00,-1.128849272338410703e+00,-6.375814084779169409e-03,-8.995735847283792275e-01
4.904870730326663653e-01,1.118191945865752546e+00,4.864218922117618527e-01,3.619273977441796464e-01,-8.437069796191871696e-01,-6.523823040861699563e-02,1.320457007141080386e-01,1.409879465638197438e-01,1.311617269634600680e-01,-1.302006260263083526e+00,4.540137292192398394e-03,-2.304101026457127943e-01,2.162787687080168497e-02,-7.399268046833545887e-02,9.104140207797548623e-01,3.026181956033289766e-01,5.508001403665839790e-01,1.276573938865980917e+00,1.131511198441882859e+00,-2.939782312448743218e-01,1.258634162953559121e-01,3.506361072943737778e-01,1.468859477935088309e-01,-8.588909263922240656e-04,-7.994115186527808170e-01,-3.896945420956310357e-01,-2.026820418381721778e-01,-3.497429958023137719e-02,-1.522182062098582644e-01,-1.177783322959515155e+00
-4.608348032469042344e-01,-5.479607810510823684e-01,-5.224158530031466352e-01,-4.873111181276100212e-01,-7.646140923449503690e-01,-1.245484153412398598e+00,-1.063550058182188174e+00,-1.100964819943493378e+00,-2.170612116904018674e+00,-8.368438077662633257e-01,-8.146232442300400667e-01,-9.010169143287660720e-01,-8.754535860119692092e-01,-5.803042815266544752e-01,-6.749934413076369433e-01,-1.217211174602214507e+00,-9.406241496870374474e-01,-1.352582701249410713e+00,-8.138600294835743876e-01,-8.895095035414802842e-01,-6.023963917559850278e-01,-9.615829573374915507e-01,-6.785992609472905057e-01,-5.868755964872693909e-01,-9.165119775581496153e-01,-1.312366010320864307e+00,-1.220142365805641615e+00,-1.323166092940452065e+00,-1.566255312466053207e+00,-1.241165783483946683e+00
-6.728200323839117480e-02,-7.098826657796202255e-01,-1.445647513681868057e-01,-1.629589782230739525e-01,-1.832368070547143013e+00,-1.055263463914375643e+00,-8.622789881885510876e-01,-1.046149190712469590e+00,-7.429296061507720816e-01,-1.113164189995718090e+00,-5.229487557726202329e-01,-1.073426987434384250e+00,-5.554816418156359736e-01,-3.592565628561534830e-01,-1.067988474256381215e+00,-6.179524828240589018e-01,-4.031010081893239283e-01,-7.758542089893739613e-01,-5.026986366038098675e-01,-6.646587336635096932e-01,-1.508753107641536695e-01,-9.186676168589654745e-01,-2.232625796723875233e-01,-2.322323238773014165e-01,-2.025062988528971264e+00,-8.359505682338237431e-01,-7.912045767521627138e-01,-1.054524620925169298e+00,-5.754781920511184978e-01,-9.893186615771328851e-01
-1.238880194918410060e+00,-8.248706708766976314e-01,-1.250540688288814817e+00,-1.027992033081519319e+00,-3.864062859245104287e-01,-1.082356079670362847e+00,-9.809479172328060548e-01,-8.998251286144927086e-01,9.834007767498367247e-01,5.043621356348970686e-02,-4.723918444400007077e-01,3.812483560676808159e-01,-5.356646482929023900e-01,-5.018885040500625783e-01,2.230549835626744581e+00,-8.051871970804767020e-01,-7.622698605006292816e-01,-3.852184734707168046e-01,-3.177168636713513239e-01,1.582376142445267864e-01,-1.141308649713977275e+00,-7.684639251841229868e-01,-1.170230895077439603e+00,-9.201803131619786802e-01,6.578386366140267505e-01,-1.027110892020951294e+00,-1.119505490420267924e+00,-9.592051710714866175e-01,-1.014904176446130152e-01,-1.187914161442247263e-01
-9.393270564946644141e-01,-2.223500283894209950e+00,-9.513056655343317125e-01,-8.370473385464141103e-01,1.409133418230460420e-02,-8.825957367371330964e-01,-8.010548910383302745e-01,-8.232831511373916999e-01,-1.566032278166674452e+00,1.726281413835505374e-01,-8.103807062161139108e-01,-1.471466963285940066e+00,-8.372696228827996023e-01,-6.059483601068371694e-01,2.685221336301394923e-01,-8.511350263836321428e-01,-6.799596830395366887e-01,-1.041791892127482466e+00,-9.841412641697445673e-01,-6.107807536608010901e-01,-9.644455534729374779e-01,-2.230886681490830803e+00,-1.003154128628084729e+00,-8.164855124187356816e-01,5.233899615745298828e-01,-8.204510825213540137e-01,-8.122403131747586436e-01,-1.044410338464810684e+00,-1.292008205535199350e+00,-3.857830197692660446e-01
1.925963832775947848e+00,1.385715059765075585e+00,2.104019745616326986e+00,1.953509245988785503e+00,1.017851976317160290e+00,2.289148237400413954e+00,2.878563737893352403e+00,2.607165200259007332e+00,1.231059987798869271e+00,8.377410212222866637e-01,1.980502217278276911e+00,-3.265014617185119095e-01,2.851591220178249397e+00,1.668533055781768804e+00,-1.932470300846347855e-01,9.396466487056239769e-01,1.420927404181538956e+00,2.281792932545912755e+00,-4.302465222997959833e-04,8.593697273464415698e-01,1.676016436290352907e+00,6.394893605152246474e-01,2.159606060675327122e+00,1.661255899898545607e+00,3.976153946020964947e-01,1.071131986304647565e+00,1.842087155421891387e+00,2.145726297554665152e+00,3.801100090980943230e-02,8.336282119131702695e-01
4.565112917369676393e-01,-1.855069328787248173e+00,4.493776665612753685e-01,2.618013023823446139e-01,6.151972774665023236e-01,5.014171836426650763e-01,3.804694035540984176e-01,3.637750768837667570e-01,-9.828724797902593791e-02,-2.315665205540852825e-02,-8.450280999965105178e-01,-1.507131640787959803e+00,-8.290528206904466124e-01,-5.552960065476333362e-01,-3.127830192732110604e-01,-4.000500136463311374e-01,1.670269675790559197e-02,-1.946722148586029488e-01,-1.080919807624474593e+00,-5.619313851250118397e-01,1.612360355435642489e-01,-1.871058057478570902e+00,1.618838621965029978e-01,-4.000896875802479463e-02,9.787806350954065815e-01,2.916370173483538442e-01,6.014567914074266941e-01,4.753372245560444909e-01,-5.516995411611600453e-01,-1.154259757623970067e-01
-3.504135140358824452e-01,2.284498854707537774e+00,-3.861754231108027180e-01,-3.950822922591030184e-01,-1.043596276548621526e+00,-8.658059466911691704e-01,-3.394806277494232805e-01,-6.536282526056728104e-01,-8.922535422244541881e-01,-7.882447455651035995e-01,-6.732053104325030901e-01,2.907007292490818573e-01,-6.555332920401691910e-01,-4.925633845663597854e-01,4.660021376868831999e-01,-2.208857612113106772e-01,1.917247161795249955e-01,-6.797858114921145889e-01,-4.438964836186574114e-01,-3.661747244485037966e-01,-4.879555647764884929e-01,1.684312842165502699e+00,-5.478174473531812749e-01,-4.960544699859598117e-01,-3.830543314336929406e-01,-5.860213611202483852e-01,-1.467461063508147256e-01,-7.547740680090865295e-01,-8.449695688039806640e-01,-6.421173955185182081e-01
-1.373084531036421030e+00,-1.481944985717140062e+00,-1.250952290796042199e+00,-1.144194712769057487e+00,4.864642402836842905e+00,2.294872029461537899e+00,1.058427949378819011e-01,1.115284913149010293e-01,2.065088801478699665e+00,4.479893597040665476e+00,1.974256517542770720e-02,-2.026914413747132604e-01,7.527876177381211120e-02,-4.245323992420732551e-01,9.149989628308236034e-01,1.064469791543235955e+00,6.248247763864942655e-02,1.588319069817352380e+00,5.937165075985105789e-01,2.381243069156284697e+00,-1.239103538223728984e+00,-1.511229433466311001e+00,-1.141434899423690918e+00,-1.017173749231338409e+00,2.544457141200519690e+00,5.900021173133975783e-01,-3.092949787072378220e-01,-1.790262012883694076e-01,2.108025307101744350e-01,2.318348327029734257e+00
-1.040890996420652664e-01,1.075951454197438428e+00,-1.375675087453171186e-01,-1.815739706002039155e-01,-1.101118376384429443e+00,-6.782563601550039012e-01,-5.281919395416675433e-01,-6.533652217552360364e-01,-1.383497674134278876e-01,-1.175648698540066706e+00,1.155532153232588094e-01,-2.692162284251126136e-01,-1.413937973120526700e-02,-2.994611671961692773e-03,-8.639585529838248457e-01,5.566206386857076860e-02,2.760264458665401266e-02,-2.901043978029002601e-01,6.623190194145214260e-01,-2.634473759100061097e-01,-2.549124262000595498e-01,1.327582248649319119e-01,-2.730556554903281197e-01,-3.015385427414075115e-01,-1.641667411964727874e+00,-7.009758801543993778e-01,-6.630778185418058079e-01,-8.140805424357347997e-01,-3.836637415387871286e-01,-1.158712494129154669e+00
-5.146297902984274808e-01,-7.708967093005183457e-01,-5.372335432633410512e-01,-5.377972338170987632e-01,-1.074514405210368562e+00,-5.931626515129596600e-01,-6.356490483259026325e-01,-8.348565085566096444e-01,-5.244067728722148214e-01,-1.113164189995718090e+00,-5.791623844571411883e-01,-6.785284598602082662e-01,-5.661151505351516011e-01,-4.609851390420024453e-01,-3.252278619832548734e-01,-1.891419447138145415e-01,-3.629269147633649162e-01,-8.685824800835827419e-01,-3.963168184573480357e-02,-7.526594343346003635e-01,-6.003156494472670079e-01,-9.813900375583500812e-01,-6.135083124382957331e-01,-5.824668039386621254e-01,-9.512084098264067533e-01,-5.666470039796610569e-01,-6.324803837453025768e-01,-1.011922037228507376e+00,-6.705927956109519750e-01,-1.167126095083725001e+00
-3.645700895757572613e-01,-8.107905069872595183e-01,-3.701229253289253229e-01,-4.159536473486122321e-01,-3.842492071806684617e-01,-3.993168937095580850e-01,-3.848318108236608581e-01,-4.603005775346443174e-01,-3.860089784624604059e-01,-5.035930955297360789e-01,-8.913424733152037760e-01,-1.321601401347401561e+00,-8.039190728079551596e-01,-6.025574075673089114e-01,-6.930057136511211802e-01,-4.129627525605669147e-01,1.109700930312064286e-02,-5.620861191941479706e-01,-5.590506998812474482e-01,-5.500782295244159847e-01,-4.463407186021262629e-01,-1.021004198000066587e+00,-4.164357171829524695e-01,-4.782429480895866725e-01,4.631401788599120301e-02,5.333242451913079024e-02,3.490279543362757586e-01,-2.505924120306037839e-01,1.600747421449291719e-01,-3.280096265478809059e-01
-6.731834363450227565e-01,-1.054846681070852554e+00,-6.409573750847024076e-01,-6.441283266379770334e-01,-1.060852906499363257e+00,-1.337329420734015284e-01,-2.725876327149228118e-01,-5.757711208763878208e-01,-1.136270706052176838e+00,6.697271204697037295e-01,-7.410859186553209188e-01,-1.036653563481524598e+00,-7.314178769930760327e-01,-5.728865728464362927e-01,-2.316943243703210083e-03,7.276625181969210709e-01,2.287845387972698985e-01,5.385650574300815396e-01,2.482538588107400523e-01,1.078114326157438629e+00,-7.875824572318975703e-01,-1.309857451220917346e+00,-7.754857879906330576e-01,-7.110271946560500211e-01,-1.050960652597646483e+00,1.715160030767128863e-01,-2.674679175827881714e-02,-1.315197230654727711e-01,-4.771931017059563573e-01,8.369936522949987801e-01
-3.022811572003089586e-01,2.932593841587687045e-02,-3.816477955312989057e-01,-3.586984435219852108e-01,-1.088894930169320041e+00,-1.254069841504084515e+00,-1.111181397960991690e+00,-1.160304579802029501e+00,2.918440476679973195e-02,-1.075673484869107854e+00,7.014951133649413757e-03,2.090575954468442549e-02,-1.272412452024166696e-01,-1.507129816751631435e-01,1.643784498987223841e-01,-9.169361917674249129e-01,-1.000667290869400983e+00,-1.228998024336545702e+00,1.625007190407262714e-01,-2.982884696450909812e-01,-4.172103262800725409e-01,-5.423330926626567239e-01,-5.058232870247978408e-01,-4.459705866337813629e-01,-1.276487462341319601e+00,-1.232414496520707559e+00,-1.303974556298873377e+00,-1.579547828640148754e+00,-7.387582614954993909e-01,-1.176661509498905245e+00
-9.166765356308650414e-01,-8.366041407845629108e-01,-8.838028543490011879e-01,-8.333807491387977828e-01,3.563478282053643142e-01,6.259312562315369477e-02,-4.755341769721360135e-01,-8.566880691428617745e-01,1.821503880617897086e-01,7.794221465808939264e-01,-8.973527355015992191e-01,-1.228281908401702482e+00,-7.526848944321072876e-01,-6.458556328064107843e-01,-8.236765621065785803e-01,2.848631795962546787e-01,-1.636135830376773681e-01,-8.275466414175349783e-01,-1.035593148031752841e+00,3.058632794519483555e-01,-8.937003149765215815e-01,-1.021004198000066587e+00,-7.895838275294474462e-01,-7.828023373473762536e-01,7.233634208718493774e-02,8.851381577550097024e-01,2.959605283610905468e-01,-5.290416730983555915e-01,-5.136536997372264102e-01,1.353588750905635241e+00
1.589037334926932887e+00,1.490073314761006240e-01,1.597748661726348107e+00,1.555825317931919693e+00,7.518122645765470402e-01,1.550779061515410229e+00,1.924929138248967497e+00,1.292010948075140275e+00,-2.840316562658000699e-01,5.850258977762531343e-01,1.287200796835852090e+00,-7.810875065629071523e-01,6.074375390550249554e-01,1.117715202642140859e+00,4.889268479422267943e-01,1.341555647411210250e+00,1.095486104723189635e+00,1.243172674835476554e+00,-7.232067102981309947e-01,1.235078841231996405e+00,1.882009924853446980e+00,8.963973484567261396e-03,1.580686564719752329e+00,1.862296840115036600e+00,1.711742766762343937e+00,2.213573245694608893e+00,2.745667651756125593e+00,2.092089951173975670e+00,-2.473328097696921024e-01,2.570756355666853565e+00
-1.306265494488213497e+00,-1.582852826924779244e+00,-1.298286579127219120e+00,-1.073119287329107108e+00,4.785822903564575515e-01,-7.383561767968066514e-01,-7.475152999090219907e-01,-7.238574896722912433e-01,1.461621588156210641e-02,8.738431817145766445e-01,-4.409263541700488287e-01,-4.174186706873909691e-01,-4.588133807291305821e-01,-5.165119868767783506e-01,8.570321954708838286e-01,-6.088059594264753072e-01,-4.040352894317880139e-01,3.683776645127513349e-01,-3.718159213802022661e-02,-3.061905733788215511e-01,-1.249507249767319417e+00,-1.630071914791460852e+00,-1.259018548343165289e+00,-9.912500490455276037e-01,3.763990981892662013e-02,-8.908445801321542845e-01,-8.888773256416252488e-01,-7.955376912584107840e-01,-7.213205841761967108e-01,-3.442759217267181704e-01
-7.298097385045212437e-01,-1.986484191755336193e+00,-7.471508219494295000e-01,-6.917939889369913997e-01,-7.027778350214564096e-01,-8.381409517290695499e-01,-9.476903829783651645e-01,-1.035627956694998852e+00,8.017306586512938649e-02,-2.439352489121090206e-01,-9.574553573655524286e-01,-1.556840440000619052e+00,-8.464531076860175585e-01,-6.492253918925670053e-01,-9.383001133832955531e-01,-6.583047919310454077e-01,-7.098566827983898708e-01,-1.149471205216297864e+00,-3.105636786873334360e-02,-6.711240912638346545e-01,-8.104706226277967884e-01,-2.090586529926417469e+00,-7.760857045667526322e-01,-7.216082967727074360e-01,-9.685566259605352668e-01,-5.821464896921310084e-01,-9.148373367267834677e-01,-1.027246707622990085e+00,7.688082049278659458e-01,-5.344233033000138633e-01
-1.235199485278042797e+00,2.115536888034280860e+00,-1.243131843158717498e+00,-1.025171579691045221e+00,-1.143540925013338594e+00,-1.094376042998723264e+00,-9.257706444924835854e-01,-9.955683581734781074e-01,-6.919409450524424132e-01,-4.494398547913002195e-01,-7.916428299879403330e-01,8.949675449568755825e-01,-7.807186901471937501e-01,-6.101870507812475752e-01,-1.313503123952076135e-01,-6.959669470975663463e-01,-5.706487776712300120e-01,-9.209111270647057923e-01,-5.921269109353956006e-01,-5.576211467247951248e-01,-1.157954588183722322e+00,1.879082464337276326e+00,-1.172030644805798882e+00,-9.295269533650259985e-01,-8.904896533569565120e-01,-9.160312444149177891e-01,-9.690521665068373425e-01,-1.004106455327321124e+00,-9.258169818298392917e-01,-6.595055041579643840e-01
-6.703521212370479043e-01,2.334883148127287755e-01,-6.496010277364827612e-01,-6.616151376589172184e-01,9.459493515223997839e-01,1.999641350901311676e-01,-2.578484982157955852e-01,-2.867002162463739290e-01,6.629006212746181292e-01,2.462210070024506980e-01,3.527817992686271276e-01,9.060550094652755071e-01,5.160860323282773221e-01,-3.669220253352407923e-02,8.003754115541066305e-01,-8.530200261183580601e-02,2.754986009204779540e-01,-5.947662235418170462e-02,1.641129857646536738e+00,4.455868409256395490e-01,-6.065578763734211787e-01,1.113005546256688738e-01,-5.457177393367623752e-01,-5.874046515931024004e-01,1.850997469590208999e-01,-4.103605230455906194e-01,-3.776611220806746494e-01,-5.377767352232107889e-01,4.168841717564811256e-01,-2.242418814415103323e-01
-7.892673557719941391e-01,-1.179221462094221851e+00,-8.270017083515885936e-01,-7.270496563179192906e-01,-1.404993091264302718e-01,-1.238234016801641468e+00,-1.101166345032097427e+00,-1.182241352728456096e+00,5.208607796435548165e-01,-6.313392018870721545e-01,-5.816371982985980571e-01,1.428678691370832698e-01,-6.250827897979199799e-01,-4.870530866896262689e-01,4.705870797379519410e-01,-8.951459448496521532e-01,-9.759088379441005490e-01,-1.361648758629119271e+00,3.683082544887596455e-01,-7.878597146030367204e-01,-8.396010149498505104e-01,-1.080425438662641957e+00,-8.918696037578677238e-01,-7.388907635632478987e-01,-2.442686023606632506e-01,-1.157694059148509425e+00,-1.289106115327447677e+00,-1.579547828640148754e+00,-2.330656192357168643e-01,-1.122253556659348561e+00
-3.815579802236068740e-01,5.221316745462087905e-01,-4.059323434577288836e-01,-4.145434206533750721e-01,-5.934858453334210804e-01,-7.175597323080559198e-01,-7.278631205768524293e-01,-5.165891795281137844e-01,-4.260714978968633826e-01,1.572259770551807587e-02,1.163460104763007319e+00,1.007690100792274279e+00,1.092228868403850139e+00,2.877795685925898517e-01,-7.919094636098882312e-01,-4.161909372891258729e-01,-3.445527169949030855e-01,9.027978890008161450e-01,1.611728781153960899e+00,7.379646790736715811e-01,-5.170859570985422149e-01,-3.360093403620489361e-01,-5.418182815919835305e-01,-5.246234457009349983e-01,-1.632993303897663173e+00,-1.052426718684652096e+00,-1.064860384213387912e+00,-1.018358398794189990e+00,-1.150921543588112383e+00,-8.502137924615653652e-01
1.365726845358022357e-01,9.633101430819340782e-01,8.593265267928280882e-02,2.911389766822092967e-02,-6.416606039459108457e-01,-7.108819749034112068e-01,-6.296438650511350377e-02,1.165260774731998045e-01,-6.700886617245859211e-01,-1.193699778786211807e+00,4.837969676942891623e-02,7.840928998728765587e-01,2.694463123055954729e-02,-1.496533090065606253e-01,4.332525516078213901e-01,-4.420164151175972056e-01,3.320833204143917861e-02,6.149108037855193221e-01,-3.887694651950771574e-01,-3.410316671139065337e-01,-9.261452612004653084e-02,1.019125064748342968e+00,-1.470731745051769290e-01,-2.094829543264877802e-01,-1.440473858345846063e-02,-6.112080254030118898e-01,-3.391806553870925500e-02,3.328177898873547758e-01,-6.785190125742713851e-01,-8.698455280222295860e-01
2.469939737468239971e-01,6.864002532563191483e-01,2.324631452523173158e-01,1.109070459919734991e-01,-7.617379873531601175e-01,-2.135582460666591090e-02,-2.558328900791628779e-01,-2.504019588860990075e-01,4.844403074304617918e-01,-5.035930955297360789e-01,-2.949123375240919609e-01,2.463508712154822977e-01,-2.649935172506870384e-01,-2.450238491807939234e-01,-8.318639586263441021e-01,1.315244049897056622e-01,9.228446818192181933e-03,1.050697847163625104e-02,-1.854120194547583811e-01,6.987772704008474167e-02,1.092174778256113366e-01,9.927156244538652974e-01,9.289345594272988005e-02,-1.743595090915548915e-02,-1.033612436463517970e+00,5.280041744635183276e-01,1.759612137685546418e-01,2.546619708754928046e-01,4.089579547931616044e-01,4.847442256636412816e-01
1.056750094627649350e+00,-1.397464002380511383e+00,9.350686250898724294e-01,9.525303377094825885e-01,-1.248518757213688213e+00,-7.908242706904439201e-01,-5.599377676936337922e-01,-1.709666420541935961e-01,-2.152401880797472078e+00,-1.433918000523375591e+00,2.877295497217600695e-01,-2.895432466905122348e-01,1.472966162832587134e-01,2.305572444880499006e-01,-8.580636274895937499e-01,-9.340993739075965641e-01,-6.631426206751819263e-01,-7.088926272901252545e-01,-9.253391111845923334e-01,-9.020810322087789990e-01,7.459246242933549320e-01,-1.174509069711718645e+00,5.998229627639327655e-01,5.872740350578165014e-01,-1.427416942708238823e+00,-9.879746905969649662e-01,-8.117622282560633673e-01,-4.715741591190452109e-01,-1.778677927083015531e+00,-1.411120522766273755e+00
1.574880759387057960e+00,5.854924120486799666e-01,1.564820461148138886e+00,1.521979877246228963e+00,1.600536625156685766e-01,5.777344111243192248e-01,1.227024820939866645e+00,1.631320745138577832e+00,9.870428239711456220e-01,-7.785249331248714766e-01,7.798639593371886614e-01,1.998170263542663694e+00,1.118812640202638820e+00,5.846998503350363530e-01,-7.313227293636237469e-01,4.328216463218723109e-01,3.309326213066849376e-01,9.807341717386591773e-01,2.080920960181322332e+00,-1.912508827063764683e-01,1.355582120747763186e+00,1.506049120177776812e+00,1.514695741346577584e+00,1.169234651473975095e+00,-4.220878177354823180e-01,6.009809196930635533e-01,9.504587820550409738e-01,1.705908257233010206e+00,1.807142627122718004e+00,-2.629444458325350120e-01
-1.748719773414380840e-01,-1.519492089422307624e+00,-2.548742233051905504e-01,-2.487007612934903911e-01,-1.580708883765481243e+00,-1.287458628527308413e+00,-1.085154857896720948e+00,-1.153676202371022752e+00,-1.624305033707623025e+00,-1.306171894166039404e+00,-6.279515716172914264e-01,-9.540519528939453986e-01,-6.521499029021415872e-01,-4.171146905618550726e-01,-1.195711859964722956e+00,-1.177719714756177094e+00,-9.589983474554992782e-01,-1.376122639709004059e+00,-7.072811271979856373e-01,-8.097700931374715028e-01,-2.632353954349317959e-01,-1.418796392435638376e+00,-3.486451440814186120e-01,-3.144122169833406533e-01,-1.791295776121587302e+00,-1.255340819137069186e+00,-1.246867312760712165e+00,-1.411129701004783188e+00,-1.011420125033689388e+00,-1.231069462338461928e+00
-5.457742564861518542e-01,-1.383383838491073714e+00,-5.269434805826505031e-01,-5.600788156018451369e-01,7.805733144944511093e-01,-1.627334885164302691e-01,-7.602388262715165101e-01,-5.118546242202519636e-01,2.513492852666668886e-01,2.712148104201901888e-01,-7.124487870613196439e-01,-7.140083462870878694e-01,-4.278795371814487769e-01,-5.262609754279221619e-01,-7.076357814894281006e-02,-5.786243241908491097e-02,-7.051852765860689987e-01,-6.043943869661195789e-01,7.407218900613914414e-01,1.158536033090626360e-01,-6.023963917559850278e-01,-1.275195060834415806e+00,-4.716280421859711525e-01,-5.851120794678265069e-01,4.843564752727398948e-01,3.718712690197473886e-02,-8.387740261623511939e-01,-4.951741515265486449e-01,8.940424329483132038e-01,4.791351583605948372e-01
8.560901259225388304e-02,1.372738615682354280e-01,1.069243805478918841e-01,-3.350016760030703061e-02,1.276974813580259438e-01,1.999641350901311676e-01,6.275917101735628556e-02,2.659276005212870553e-01,2.477072380453580192e-01,1.587426950403614812e-01,-3.977938843618001319e-01,1.198024908186472226e+00,-2.330929910921403225e-01,-2.802049817784000307e-01,3.327113223451010349e-01,1.783330835538100845e-01,1.203129054558487246e-02,3.731492736599659743e-01,-7.293319345674178500e-01,2.268422421146424894e-01,1.974555855073161989e-02,8.788249131839295236e-01,7.189637577853795480e-02,-8.921109360048179449e-02,5.017046914068691299e-01,3.219901768686070920e-01,2.142080072641836530e-01,6.485060000136997349e-01,-2.964753549422727841e-01,5.419567121547219646e-01
2.053373012634818640e+00,-9.586322278263591512e-01,2.034047319387631170e+00,2.063506928217280212e+00,3.132062533285078221e-01,9.135302120435977447e-01,1.313947921832155696e+00,2.031127637802473629e+00,5.900596768484320798e-01,-1.286860442636426904e-01,-2.143041152594959975e-01,1.964572809276825538e-01,-2.181094106237319030e-01,-2.143291610564675848e-02,-8.393963634245281691e-01,5.996631017331601615e-02,4.815683192086556846e-02,2.443158266851646054e-01,-4.683973806958040553e-01,1.963113867797742773e-01,1.343097666895454623e+00,-6.100072834172560743e-01,1.349718682913641610e+00,1.160417066376760564e+00,-5.348512226073188769e-01,2.018691625969661063e-01,6.110184897813339955e-01,1.263025282832458407e+00,-2.774524342303054669e-01,1.566137884353870635e-01
1.388013962260713718e+00,1.268380360686425234e+00,1.239654480438314943e+00,1.189166377170270072e+00,-3.921584959080920418e-01,3.239796297478192977e-01,7.294215622086489548e-01,9.056186287835201743e-01,5.172187324222459193e-01,-8.979397716762937964e-01,5.214226853221897162e-01,-9.961843180258650454e-01,9.509575529654591686e-02,3.725533820807973018e-01,-1.020829070302531782e+00,-3.882133363082818645e-01,1.331764249851042636e-01,1.686912400125609168e-02,-1.143594179310325337e-01,-1.736507425721583175e-01,1.732196478625741998e+00,8.045483623557109221e-01,1.373715345958432588e+00,1.315606564087736352e+00,-2.876391426959855613e-01,4.382363197121306730e-01,1.438583484043005845e+00,1.247700612437975476e+00,1.666055965175630815e+00,5.054977746849160791e-01
-3.164377327401837192e-01,1.395101835691367365e+00,-3.816477955312989057e-01,-3.784416172553047852e-01,-8.667158195535105136e-01,-1.009091541287974847e+00,-9.679724398532325580e-01,-8.064491767094380537e-01,-5.244067728722148214e-01,-1.147877805853689592e+00,-4.946651690131128598e-01,5.416815306988410905e-02,-5.806153896981274265e-01,-4.001599278642135604e-01,-3.062331020573986762e-01,-8.964372187410757364e-01,-8.452963202476110327e-01,-8.840106829929109677e-01,-1.031918013470181084e+00,-8.284477928717437489e-01,-3.943221608841733783e-01,1.047185095061225368e+00,-4.812267074038871773e-01,-4.382111117482326290e-01,-4.220878177354823180e-01,-9.263642348898976087e-01,-1.099473732326932129e+00,-8.424311826655279667e-01,-9.495956327197977442e-01,-1.175539696038296222e+00
5.414507449762152591e-01,-8.624177745818658591e-01,5.728584187295627794e-01,3.915421583441590636e-01,-5.996836935629887289e-02,6.387881931096427435e-01,3.968462196642397188e-01,5.820906827462887234e-01,-1.055713424216447455e-01,-4.161147835676478612e-01,-2.295065431427311120e-01,-8.409598149082665453e-01,-1.108076408177108424e-01,-1.441430111298270256e-01,-3.766447121273822640e-01,3.666438593864141948e-01,1.347335603892112488e-01,4.288180470441396719e-01,-7.232067102981309947e-01,-2.512350337760587693e-01,5.253659395692347189e-01,-5.868990231595878626e-01,5.158346421071654531e-01,3.403816523358098589e-01,5.190529075409970883e-01,1.259709062473029828e+00,1.056593634005411397e+00,1.286012288424182470e+00,1.806829062495602101e-01,4.135090709149436550e-01
2.048876510883076291e-02,1.085338230123730430e+00,4.065637688424431767e-02,-1.231905854173873105e-01,-8.010110429883098015e-02,5.147726984519546134e-01,2.847280170640413277e-01,4.297958203433968616e-01,1.544276048831469073e+00,2.184501143160726133e-01,6.605693849412104524e-02,1.186937443678072412e+00,3.266162405987264039e-01,-1.922521502843848318e-01,1.274261922118134160e+00,6.168281758497311529e-01,1.263250292070338121e-01,6.960281592881720769e-01,2.991129286597326686e+00,3.403451866536817971e-01,1.300249009127920630e-01,1.537410330527469782e+00,2.368734342114738878e-01,-1.158402005940697005e-01,1.056847607698986558e+00,9.891138744094946089e-01,4.771547125466327199e-01,9.657266771794927873e-01,2.883522890741502920e+00,1.050699116541092382e+00
-2.767993212285347893e-01,3.649031777808168786e-01,-2.429377505955891692e-01,-3.313400456343854050e-01,-6.466937876815440633e-01,1.007517393639808106e-01,2.469353645021766519e-01,-3.466712501459581763e-01,-9.068217311096907762e-01,-3.550188196576183897e-01,-3.069328618968826805e-01,-7.655650562511474577e-01,-2.640268346398221277e-01,-2.685485824237715535e-01,1.001892611837608554e-01,3.311338273722659320e-01,4.150179331284591933e-01,1.027580886511237912e-01,-6.080524940355409580e-01,-2.120837016407572662e-01,-2.986080146831397997e-01,-1.249369675469578361e-02,-1.860677519529617130e-01,-3.313419803699925725e-01,1.547403687242954462e-01,6.597498030195114715e-01,8.404992507551078962e-01,6.003865686556168757e-02,-5.421880808051768863e-01,-1.193523228745300008e-01
1.286086618373617041e+00,-4.846000435486113034e-01,1.214958330004657805e+00,1.191986830560744393e+00,6.942901647407381249e-01,1.217389769214357875e-01,7.155642562692983155e-01,1.009252783855608904e+00,5.645653462992666904e-01,-8.702970523407752013e-02,1.098761400050634274e+00,6.990890053084773959e-01,9.844437572923960822e-01,1.068122521751539544e+00,3.644784208417911064e-01,-2.488633621921546857e-01,1.857125924283383606e-02,6.546742133456432411e-01,-1.513078476858813713e-02,2.692262530501066120e-01,1.251545005311857306e+00,-1.049267377853684430e-01,1.148746629913520056e+00,1.185106304648961384e+00,8.139725818211843711e-01,-1.526815730757803413e-01,2.514986309224217509e-01,8.155449073135616622e-01,-1.747251783342698012e-02,3.882337507139800581e-02
-2.937872118763844020e-01,-8.154838949504054080e-01,-2.573438383485563974e-01,-3.790057079333997714e-01,8.452856768097353202e-01,4.460871937184660019e-01,-5.444427801432693004e-01,-4.518835903206675497e-01,5.682073935205765869e-01,7.433199860886039456e-01,-7.665411467388775213e-01,-8.407750238331265225e-01,-7.130509073866400094e-01,-5.383412438499917130e-01,-9.471425016246423079e-01,-3.580836121750651246e-01,-4.934148616275260690e-01,-8.595164227038745164e-01,-4.647222461342321864e-01,-5.012288609886267343e-01,-3.610302839446834500e-01,-8.328369359019126561e-01,-3.303476885097657578e-01,-4.346840777093468056e-01,-1.440473858345846063e-02,1.605372006970469112e-01,-4.092147267145684886e-01,-6.337091718926727291e-01,4.422480660391032714e-01,-1.143041623017872488e-01
-1.480674505139468078e+00,-1.066580150978717390e+00,-1.362084967747501096e+00,-1.157450843704286303e+00,1.499872950444020303e-01,9.440571030362596705e-01,-3.575367666057101268e-02,-5.144849327246195925e-01,3.314743241354718428e-01,3.755073297926220022e+00,4.390467388851245767e-01,-6.476683503118286778e-01,1.497133228104215175e-01,-3.100877510329931308e-01,3.347310720922759053e+00,3.661006374880800163e+00,7.438849304758439196e-01,9.171127164424607292e-01,5.924914627446528081e-01,6.504704472030252482e+00,-1.352920142510609658e+00,-1.628421324773055900e+00,-1.336107828374555329e+00,-1.045037318138536175e+00,-4.697954121043363407e-01,-5.903884689627522664e-02,-6.272214496396536498e-01,-1.016366191642907202e+00,-1.032028289138320565e+00,1.376025020117823461e+00
-7.014965874247717226e-01,-2.006500717782779830e-01,-6.878800609086516138e-01,-6.822044474093791333e-01,1.327033262934630198e+00,-3.661927010299664831e-02,-2.292520577773180523e-01,-3.532470214068775261e-01,-3.637244521676755160e-02,3.392534975018131616e-01,-3.394589866703160985e-01,8.395302224148760706e-01,-3.399114195927289139e-01,-4.122401962862831670e-01,5.079216078680830471e-01,-1.364149274806854550e-01,-1.050652918432566640e-01,3.317953277174371940e-01,-6.031523146201116514e-01,7.020083703591258918e-03,-6.440112379303473134e-01,6.147305102391519283e-01,-6.477035572771224770e-01,-6.265547294247347798e-01,1.616327578024635780e+00,8.562301975344289995e-02,6.074274836297235275e-02,1.167399373251480355e-01,-1.569739363878494276e-01,3.983645891967161901e-01
4.880191618857979141e-02,-5.550008629958016471e-01,-6.512546747325555219e-02,-6.142265616600180861e-02,-2.261626740571863081e+00,-1.466613320040491608e+00,-1.028566659460755428e+00,-1.105515253656049524e+00,-1.103492281060393543e+00,-1.249241564158966034e+00,-9.609908057104908918e-01,-8.923317337971861107e-01,-9.736202051453154427e-01,-6.209957120009940157e-01,-1.145277497402967581e+00,-1.179656625593312302e+00,-8.719233356578395266e-01,-1.317909008112982727e+00,-6.386786153819745682e-01,-8.762196018074789317e-01,-2.757198492872406370e-01,-8.064274956074348744e-01,-3.798408060396467056e-01,-3.392778069574856059e-01,-1.989065440050654443e+00,-1.307005771511968284e+00,-1.127967593481175701e+00,-1.239033652474741842e+00,-7.086386370348856101e-01,-1.271454746920401391e+00
-3.896885215864214630e-02,1.020734518446406447e-01,-3.137406188059001233e-02,-1.547796633906987629e-01,7.374317396175945616e-01,1.847006895938004267e-01,2.985853230033917449e-01,4.300588511938339131e-01,-5.171226784295960277e-01,3.725785687254664635e-01,-6.406791856590696721e-01,-4.608445733452904980e-01,-6.071991614969164397e-01,-4.497526087548149309e-01,-5.485800390424575568e-01,-4.156529065010327595e-01,-3.417498732675106066e-01,-3.701083778378695399e-01,-1.022117654639322248e+00,-3.500113304476912823e-01,1.674782624697181144e-01,8.689213730735005914e-01,2.038780225248868760e-01,-1.355621346638121935e-02,1.291048525509723044e+00,6.720202292085500906e-01,6.325323111226252015e-01,1.050012364349148131e+00,4.343218490757838057e-01,1.213362068329457921e+00
-5.486055715941267064e-01,3.132759101862109818e-01,-6.035015469269886523e-01,-5.518995007694699195e-01,-1.122689163822857328e+00,-1.206562367396755153e+00,-8.196992663021834824e-01,-8.043449299059438617e-01,-2.621793729379446325e-01,-8.312896292289880806e-01,-7.410859186553209188e-01,6.806098977944775585e-01,-8.097191684731454009e-01,-5.381293093162712315e-01,-6.252140704674626903e-01,-1.051174873396667042e+00,-6.893024954641784330e-01,-8.106869557640423718e-01,-7.477076073752778607e-01,-8.219824352714188986e-01,-6.023963917559850278e-01,1.205641736828092947e+00,-6.755996780666918555e-01,-5.805269352172751640e-01,-8.341079509210385101e-01,-1.059918136779012476e+00,-7.653879911426132443e-01,-6.110286597088382399e-01,-3.345211963662064747e-01,-8.462874453494323435e-01
